particle,track_length,n_disp,normal_converged,D_median_um2_s,D_lo_um2_s,D_hi_um2_s,log10_D,log10_D_stderr,sigma_normal_median_um,sigma_normal_lo_um,sigma_normal_hi_um,log10_sigma_normal,log10_sigma_normal_stderr,anomalous_converged,D_alpha_median_um2_s_alpha,D_alpha_lo_um2_s_alpha,D_alpha_hi_um2_s_alpha,log10_D_alpha,log10_D_alpha_stderr,sigma_anom_median_um,sigma_anom_lo_um,sigma_anom_hi_um,log10_sigma_anom,log10_sigma_anom_stderr,alpha,alpha_stderr
0,106,105,true,0.043424685437474596,0.038934146096720496,0.04843314916061444,-1.3622633188397306,0.04740602696562718,0.013127736633501705,0.011430390234625047,0.015077129090180696,-1.8818101446122026,0.06012879788391551,true,0.08647946918609745,0.06118395451502549,0.12223300455142315,-1.0630869847607622,0.15027547183948806,0.01417901831015453,0.012199285698051532,0.016480027209446226,-1.8483538366594034,0.0653117610655611,1.2191921776973156,0.09621835231178902
1,200,199,true,0.04865363035078759,0.045211495802508155,0.05235782856314517,-1.3128847487668225,0.03186637551874567,0.007322221255278605,0.006330228755490617,0.008469666134063495,-2.135357152196525,0.06322344340188561,true,0.06778122058583452,0.05285762244908604,0.08691828446371973,-1.1688906147709965,0.1080017606834894,0.007454805436644909,0.006426327419822692,0.00864788244788247,-2.1275636867373637,0.0644734642849585,1.0986776892303285,0.0681918489434901
3,68,67,true,0.05353527115419834,0.04722621387147739,0.060687169743338175,-1.271359993297356,0.054456877146163804,0.007657788130826275,0.006610859894371523,0.008870513063898276,-2.115896653512737,0.06384539334174234,true,0.11102217925717194,0.06913442458357599,0.17828924390787287,-0.9545902521430923,0.20571539536127567,0.007726989656153731,0.006662152555299915,0.00896202370790936,-2.111989669129161,0.06439575757927107,1.2150605411785294,0.1244946394058154
9,200,199,true,0.045781499591380635,0.0426036907613607,0.0491963411474317,-1.3393099859385533,0.03124279036102178,0.004493520466684199,0.003867488530062736,0.005220888446741494,-2.347413275883262,0.0651576897447763,true,0.045592772166177034,0.03636876846440445,0.057156207415476105,-1.3411040006940338,0.0981674042773462,0.004493759334480983,0.0038673895579113033,0.005221577152714156,-2.3473901901513456,0.06519188956504456,0.9987716189066496,0.06324898692651464
12,200,199,true,0.04854518645666877,0.04517473596322987,0.05216710353395155,-1.3138538264963724,0.031250550622564884,0.004845152100607221,0.0041749432894472235,0.005622950361351327,-2.3146925848841,0.06465683451721599,true,0.054035574035589534,0.042630797080102076,0.06849140671400945,-1.2673202305352655,0.1029563166146055,0.004857213447609052,0.0041834166084118085,0.005639534544132068,-2.31361281127229,0.06485607247961421,1.0316052420031954,0.06586792295284746
13,10,9,true,0.10039915403179552,0.06997147442547665,0.14405856405149686,-0.9982699465622238,0.15680902805926517,0.014215566417739963,0.011320435517244166,0.017851109020439074,-1.8472358312110986,0.09890103353580564,true,0.014122292873646518,0.0052819778919777315,0.03775842309221995,-1.8500947861786083,0.42710863471121524,0.014062316293718248,0.01122728399958822,0.017613230372708705,-1.8519431380126925,0.09778215351323627,0.4487451459575844,0.2782736163884413
15,186,185,true,0.047686054562899545,0.044266945618077966,0.05136925008097196,-1.3216086086301773,0.032311834310266595,0.0045219932144016295,0.003899782825954519,0.005243477276478692,-2.344670093682419,0.06428948393613984,true,0.07758623871954329,0.05990918317773834,0.10047916061193753,-1.1102153016561014,0.11229130003243933,0.0045692323567027805,0.00393426949728232,0.0053066736643134094,-2.3401567564402423,0.06497913780515073,1.1432824713980025,0.06897044649512234
16,119,118,true,0.04368999813107349,0.039568465032818724,0.048240838635261754,-1.3596179738682406,0.043032822989984856,0.010667088559028023,0.009260621570826777,0.012287164253056483,-1.9719540993465297,0.06140576324576246,true,0.07253222075321913,0.05181193946380691,0.10153881714983311,-1.1394690253356627,0.14610112523256769,0.010975864855839455,0.009489305261690438,0.012695303398026742,-1.9595612490065397,0.06320433330366522,1.1537054413148005,0.09207773326501767
17,25,24,true,0.04484213443505862,0.03645111660510941,0.055164757844757224,-1.3483137236572127,0.08997543976533946,0.0054557531379278105,0.004698955489779042,0.006334438018566717,-2.2631452888759993,0.06485337987736334,true,0.08969532256087932,0.04458571161339114,0.18044459980950103,-1.047230203990078,0.3035740933890497,0.005467008321543012,0.0047072280123083895,0.006349422613408437,-2.2622502650516547,0.06498449944417019,1.2061835651783324,0.18406948923791658
20,84,83,true,0.04208948486252372,0.03761184000193747,0.0471001880232756,-1.3758263895936844,0.04884903042338902,0.006583807667870821,0.005687352746218244,0.007621564081168962,-2.181522864612682,0.06356697008834607,true,0.09799360790383181,0.06463852254937072,0.14856074692417942,-1.0088022522935483,0.18070632654865723,0.006685517961481698,0.005762717548703926,0.007756089038815874,-2.174864940070032,0.06450772614514391,1.2494568157214139,0.10728408364901756
21,63,62,true,0.04709059374018871,0.0412492015587126,0.05375919860284222,-1.3270658337351913,0.05751861973040992,0.009784231467907153,0.008478841329568575,0.011290597582447697,-2.0094732816416676,0.062190210270918145,true,0.15004344924879792,0.0924205556102185,0.24359339233389593,-0.8237829607003245,0.2104484642348569,0.010136731588065447,0.008746421694137075,0.011748041757163586,-1.9941020530975664,0.06406753460456806,1.3486506689222761,0.12096615336723592
24,82,81,true,0.04476700976478994,0.04001121612784443,0.05008808422311673,-1.3490419135688019,0.04877633461267427,0.00460629458832309,0.00397184507839852,0.005342088982727855,-2.336648290863315,0.06435940861565523,true,0.10450642268038368,0.0677130353129891,0.16129231736501362,-0.9808570181755544,0.1884706998519179,0.004634555267518532,0.003992692531428249,0.0053796034527107345,-2.3339919344708173,0.06474219812108056,1.24762715606261,0.11148848592575514
25,200,199,true,0.04881452937335289,0.04545580473492731,0.052421429822602894,-1.3114508934172215,0.030959755804184304,0.003170683837584262,0.002731516366532213,0.003680459733316961,-2.4988470611700335,0.06474913179253214,true,0.06473700177820808,0.05008039171433553,0.08368303952447075,-1.1888474183306064,0.11148486452794086,0.00317869487640343,0.0027374516578791393,0.0036910610231932436,-2.497751158104127,0.06490238341818567,1.0827390604860847,0.07019843930963139
26,144,143,true,0.04089440309722989,0.037546547606672226,0.044540771689526505,-1.3883361264747391,0.03709386359125558,0.005297149821568496,0.004564714817396016,0.00614710827612011,-2.275957743552923,0.06462860647162356,true,0.05377684830380847,0.04111730234791461,0.07033412330946615,-1.2694046540348698,0.11657073253254846,0.005342288675814589,0.004597173753233533,0.006208172635559502,-2.2722726481517816,0.06523643333948183,1.081261872528884,0.0730953759346541
27,191,190,true,0.04954486427299572,0.04598869028925828,0.05337602702729974,-1.3050013569909154,0.03234760152044303,0.006645263634960602,0.005742148160155453,0.007690419603686139,-2.177487784783336,0.06343782115094877,true,0.07296973085335132,0.05660799700955562,0.09406059041290092,-1.1368572556264598,0.1102649560864904,0.0067387902244333536,0.005810657984348507,0.007815172362792241,-2.1714180628134936,0.06435662359276599,1.1147158565109925,0.06884653614011259
28,64,63,true,0.039093304727709374,0.03338028913133851,0.04578409936835265,-1.4078976152074625,0.06861229068774445,0.020215478735197693,0.017732716051347575,0.02304585373779636,-1.694315969413523,0.05690877068925783,true,0.06254490751267812,0.03894386871968734,0.10044881477817558,-1.2038080453499036,0.20575286211028002,0.020614678862036155,0.018060698093698455,0.023529820518574225,-1.6858234263019605,0.05744204076697028,1.1518378961645634,0.13606648988242076
29,200,199,true,0.0473208637823181,0.04405929471784555,0.05082387640212779,-1.3249473364771063,0.031015122650936578,0.0033855203463628047,0.0029147339270871988,0.003932347961205047,-2.4703745718277026,0.06502651205217172,true,0.05028395947730426,0.03994658995166976,0.06329643115405617,-1.2985705322700727,0.09994975612954116,0.003387892888310202,0.002916368357170992,0.003935654491120882,-2.470070328787368,0.06508729375348837,1.0178732094112672,0.06392677390059963
32,200,199,true,0.046517765815444825,0.04329513865950403,0.04998026576329149,-1.3323811520116122,0.031179713110249224,0.0045353098760063755,0.003910808596572963,0.00525953525044043,-2.3433930343278058,0.06434040451073479,true,0.07042881518731264,0.05529246928306477,0.08970874466277233,-1.152249617612785,0.10508439704129675,0.004579775226988615,0.003943426312798515,0.00531881147662522,-2.339155836422768,0.06497043360321518,1.1223137187811325,0.06493848502263838
33,54,53,true,0.04187345523520674,0.03486720872524442,0.05028754286446173,-1.378061201333015,0.07952161709958139,0.02186250722181551,0.019098333039292995,0.025026750818543133,-1.6603000340532734,0.05870450359062428,true,0.059788638482221594,0.03712208249140883,0.0962952790265761,-1.2233813363003836,0.2069863322207103,0.02274531616309295,0.0197084725575866,0.026250101617332513,-1.6431080220377037,0.062239010989636065,1.1264080530331313,0.14966703411267548
37,200,199,true,0.04344548852235513,0.04041094283330658,0.04670790485468234,-1.362055314993737,0.03144570186067739,0.005404435922398713,0.0046600016294172505,0.0062677934391551235,-2.2672496279962577,0.06436430345820626,true,0.058661150697284246,0.04654104446721196,0.07393754567656424,-1.2316494221502263,0.10051445241739596,0.005465438860216962,0.004704167290984799,0.0063499063887492635,-2.262374959621281,0.06514228252753919,1.0889903813792645,0.06288089683503323
38,200,199,true,0.045698026504079746,0.04241768637816647,0.049232049285990384,-1.340102554785613,0.03235046845953064,0.00828417852401188,0.0071691195233005035,0.009572669781087012,-2.081750550633506,0.0627836283782596,true,0.05005897602642724,0.038750390449979605,0.06466776338806506,-1.3005180382799437,0.1112058788927644,0.00832340066344372,0.007195361438089249,0.00962828611186662,-2.0796991992352982,0.0632481864218668,1.0272093210861264,0.07247859131042227
39,55,54,true,0.051316339711006534,0.04459800422888197,0.059046739128071575,-1.2897443285247723,0.0609402471078638,0.0072743628658768844,0.006263968845608586,0.008447735997529116,-2.138205038898931,0.06494537204701946,true,0.06079584167930525,0.037516982124914805,0.09851896810859337,-1.2161261246333768,0.2096459790073979,0.007290552365297861,0.006275131302768909,0.008470285517005323,-2.1372395663167194,0.0651376161244045,1.050332360733992,0.13486175728216585
40,200,199,true,0.0498835694994135,0.04640907754363365,0.05361818501268981,-1.3020424774382204,0.03135458637052663,0.005904197258782005,0.005106721236220083,0.006826208766470959,-2.2288391411969677,0.06301870740444385,true,0.09561698660152658,0.07280623310423784,0.12557452483040696,-1.0194649473475148,0.11836649082713971,0.006012326997182001,0.005187027237531242,0.006968938905793786,-2.220957407125418,0.06412406435690526,1.1910087006605874,0.07184691113184417
41,200,199,true,0.04690278436396651,0.04355725841622609,0.050505271935876436,-1.3288013748112977,0.0321380886360721,0.008472635907341645,0.007363143240599849,0.009749309075308287,-2.071981456030256,0.0609552947633126,true,0.08634799051226467,0.06613414193773133,0.11274018603774026,-1.0637477648665241,0.11582651200048373,0.00878956423379579,0.007601248657245383,0.010163651118870135,-2.0560326557054225,0.06308240459162291,1.1819701864817742,0.07138183473074315
42,137,136,true,0.04546226457348706,0.041671311487316405,0.04959809102189689,-1.3423489349270628,0.037813896203332,0.005088710289641577,0.004389483344692827,0.0058993212591210275,-2.293392273668172,0.06419432083994871,true,0.06689758980437095,0.048323002275830924,0.09261195105570295,-1.1745895287720531,0.14125656235077072,0.005114539828334454,0.004408406130959424,0.0059337812530277055,-2.2911934350711523,0.06452496721812631,1.1134284693330658,0.08848948175513184
44,86,85,true,0.03969582142003284,0.0355286080926917,0.04435181457433101,-1.4012552068321633,0.04816659973717429,0.005797419232875446,0.005000458873715419,0.0067213970978510056,-2.236765293049759,0.0642248471785558,true,0.06315273767246957,0.04287622694212645,0.09301817253908673,-1.1996078180258984,0.1681756210149129,0.005835560532488256,0.005028407259632061,0.006772276979575119,-2.2339174216281017,0.06465213365229357,1.1372832417160639,0.1042414985264957
46,115,114,true,0.05775172312635095,0.05255434460359965,0.06346309804107525,-1.238435053286872,0.04095632226940032,0.0038907975541826434,0.0033512784307504345,0.004517173347558531,-2.409961365800903,0.06482812283198602,true,0.1017955887439763,0.07542620039191028,0.1373838511537186,-0.992271041504746,0.1302067278890715,0.003910426386283915,0.0033656196432475223,0.00454342324547126,-2.4077758852859255,0.06515908096270827,1.1681433196628126,0.07830351550437287
47,200,199,true,0.04530488269271772,0.0420317762660118,0.04883287308180347,-1.3438549897701455,0.03256726651928053,0.008518666318361992,0.0073647829170611296,0.009853335347534282,-2.069628393016658,0.06321165679748382,true,0.05847745296559079,0.046263287688477726,0.07391633141962296,-1.2330115516979168,0.10175195574666783,0.00869722128437925,0.0074908503158645084,0.010097873389521839,-2.0606194799814217,0.06484940104709538,1.0769469586127998,0.06495294835382735
48,61,60,true,0.05063629350483428,0.04230593375987772,0.06060696436723994,-1.2955380914841914,0.07806062344713566,0.026258037853647755,0.023063167294386146,0.029895484133761075,-1.5807377299286163,0.056343320797963274,true,0.06628397702052154,0.04094509951817464,0.10730382051475583,-1.178591441920622,0.20920662706400114,0.02717560475575864,0.023616610143003494,0.03127093555634608,-1.5658207825069304,0.06096165706232489,1.0981713492704086,0.15874863285110705
49,112,111,true,0.041363082807567786,0.03660364821181872,0.04674136876862692,-1.3833871005615548,0.053088526631406716,0.02188226299926708,0.019504809408292367,0.024549505916500756,-1.6599077665583082,0.0499505224919758,true,0.08751793321821645,0.05922071257915631,0.12933631327975678,-1.0579029469809638,0.16962342424245883,0.024147220041328042,0.021495332187589245,0.02712627237558916,-1.6171328603660975,0.05052297856784053,1.2632010685471167,0.11896996725844179
52,33,32,true,0.05194640296135124,0.041393168207335844,0.0651901967761157,-1.2844445198704537,0.09862681182722689,0.02032395562703449,0.017515981452659146,0.023582074087373433,-1.6919917619488656,0.0645737613970005,true,0.05543533001571041,0.032419755043300046,0.09479022311693294,-1.2562133627005931,0.23297690821026037,0.020435556621665435,0.017504002587377027,0.023858084592517943,-1.689613528521237,0.06724910262961477,1.0221622615772243,0.16451309111210147
55,200,199,true,0.04546971056577874,0.04231471742293419,0.04885994057980233,-1.3422778102568498,0.031230744734635052,0.004782756240992064,0.004126119121882468,0.005543891629166619,-2.320321752912217,0.06413648510129547,true,0.06293709227307974,0.04875843977672651,0.08123880915649936,-1.2010933255938683,0.11085687424402249,0.004816740441407311,0.00415098592364334,0.005589271779443925,-2.3172467557826533,0.0646019835669379,1.09565149068966,0.0696271364559786
57,59,58,true,0.0537139496456495,0.046731311928850654,0.06173993982724317,-1.2699129123006272,0.060479114176393005,0.012134679560806213,0.010523610590692026,0.01399238852240398,-1.9159716875488644,0.0618635431099323,true,0.15918423955507596,0.09610665591970023,0.26366146943974167,-0.7980999329117225,0.21914660107322398,0.012539265515558114,0.010834220080739638,0.014512644057248171,-1.9017279014544357,0.06347444517143301,1.3292577310697522,0.128227586873138
58,88,87,true,0.041501117663759524,0.037256167834755,0.046229735032879526,-1.3819402071754432,0.04686161144873865,0.0032728556843944837,0.0028189882596762576,0.0037997974252306534,-2.4850731443568095,0.06483358848688951,true,0.0735070700299674,0.048982794526261635,0.11030994447435234,-1.1336708877547799,0.17628555373675553,0.003281263659963132,0.002825143949375386,0.0038110239333380043,-2.483958871270002,0.06500054743235323,1.1671054027742227,0.1077701285607089
59,23,22,true,0.02610974644801738,0.019529360692938258,0.034907382289593496,-1.5831973455941981,0.12611462781398422,0.02343652529489528,0.020487066865294293,0.026810607956219805,-1.630106776489843,0.05841343862780988,true,0.04742620230327699,0.02223394988677486,0.10116262186275977,-1.3239816504854747,0.3290017270472572,0.023854197571488087,0.02084663201298799,0.027295667781014808,-1.6224351880397099,0.05852891170686921,1.2114115078829826,0.22999809979235727
60,98,97,true,0.042180630675679134,0.038078137138457,0.046725122022871636,-1.3748869310706986,0.04443737528509144,0.0035259140282836395,0.003037024639675148,0.0040935030860260475,-2.452728281230458,0.06482340336377468,true,0.06456639806517628,0.04518081320567699,0.09226969289226927,-1.1899934406973158,0.15505251581794588,0.003535325570514061,0.0030439037540889863,0.004106084784297416,-2.4515705855539225,0.06499849819014351,1.1250959760639443,0.09592564822800087
61,200,199,true,0.05053635844633966,0.046851347212869425,0.05451120782958826,-1.29639605572119,0.03288186071556877,0.010184655825864615,0.008849052191714262,0.011721844559628904,-1.9920536427024405,0.06104960071860677,true,0.07534111127138272,0.05875801730676102,0.09660440068922695,-1.1229679782995932,0.10796488889227254,0.010520561764392604,0.009096843693218623,0.012167101422321825,-1.9779610696250476,0.06314819787763938,1.1208151221905407,0.06843833908756869
62,10,9,true,0.07897850946372117,0.05263634149786453,0.11850377096144031,-1.1024910668237007,0.17622323726845285,0.02469656647748985,0.019810661220079052,0.03078748301237376,-1.6073634217820987,0.0957376069984221,true,0.07654677401628246,0.025744395842101735,0.22759938311379943,-1.1160731074666896,0.4732441880779661,0.024684091056910384,0.019789929006771057,0.030788607230342855,-1.6075828601898832,0.09597290356344168,0.9901516271817555,0.3193765554528166
64,32,31,true,0.11205842872427133,0.09320395957274014,0.13472701702498527,-0.9505554714736864,0.08001016569954247,0.010084552087480143,0.008681569394522694,0.011714263422148385,-1.9963433865197024,0.06505837243147806,true,0.12681480130607412,0.07148780929893774,0.2249613463891392,-0.8968300544163833,0.24893795700764182,0.010093505409381417,0.008687737286061878,0.011726741738917527,-1.9959579798915155,0.06513534056844608,1.03682333931606,0.15945478599231527
65,16,15,true,0.0343952459593717,0.026413043913433493,0.04478972391379672,-1.4635015805764682,0.11467996601548174,0.00519785285589579,0.0043559573238481425,0.006202465337212269,-2.2841760189437035,0.07674036481830063,true,0.039251503785023116,0.018630379691511222,0.08269721685209037,-1.4061437001154928,0.323634593874587,0.005202187898831797,0.0043587817644715485,0.006208789610744146,-2.2838139654903835,0.07682090920801542,1.0394238332443662,0.20500651012194995
66,29,28,true,0.054430617019818106,0.04238381337344427,0.06990149855214298,-1.264156742537907,0.10864322881220663,0.030057504520107834,0.0262707030342353,0.03439015609132902,-1.522047078909954,0.058481225928508004,true,0.0894824004706571,0.0446757112698863,0.17922714079738106,-1.048262373958768,0.3016661505238122,0.030538162081133195,0.026668582144278176,0.0349692135205489,-1.5151571042161092,0.05884296908106733,1.1693918549770086,0.20813248428775294
68,144,143,true,0.04329391616885592,0.03972116956053074,0.047188015810551556,-1.3635731281253958,0.03740484438240815,0.00642134729210324,0.005538083487252619,0.007445482022925802,-2.1923738410685063,0.06426666043276796,true,0.060439489741980136,0.046222876344573956,0.07902865873252249,-1.2186792108316522,0.11646382202549775,0.0065041320297486655,0.005597554810149986,0.007557538049237783,-2.186810651422397,0.06519099378001425,1.0994924843687655,0.0726900297101922
69,200,199,true,0.041794030795711826,0.03871637351787789,0.04511633842323386,-1.3788857416126021,0.0332195873061478,0.010061060498194782,0.008767598723013961,0.011545343433958874,-1.9973562395345823,0.05976309573579377,true,0.07166861526769737,0.05517760023249009,0.0930883255659382,-1.1446709865923774,0.11356620505805354,0.010708096925694386,0.009247983856955612,0.012398739178575095,-1.9702877063958524,0.06366523062038584,1.1649664236986785,0.07223781768917602
70,200,199,true,0.0427742485065285,0.039800302232985155,0.045970413103594836,-1.3688176117654665,0.03129601823071162,0.004797913260557869,0.004136230729167628,0.00556544669848956,-2.318947607723251,0.06444763549612395,true,0.056270931812810294,0.044189786475514,0.0716549687072258,-1.2497158931308656,0.10496220380718191,0.0048356706440715515,0.004163632254873663,0.005616180571798577,-2.3155432864575256,0.06498434926784148,1.0809452226650824,0.06605328056730951
72,200,199,true,0.041646538261216205,0.03876094207500887,0.04474695547354155,-1.38042109213314,0.031184583941025662,0.004409418357420547,0.0038047571539926604,0.005110173780829645,-2.3556186941653503,0.06405436353138932,true,0.06117982196915688,0.04679563066691839,0.07998547220827988,-1.2133917911291312,0.11640290421198128,0.004438378606317599,0.003826075325180833,0.005148671413594478,-2.3527756539694185,0.06447083015938679,1.1127896491812912,0.07281657794130243
74,44,43,true,0.04049127525276813,0.03450941252320763,0.04751003426942831,-1.3926385451254182,0.0694238888053739,0.008807506972151375,0.007602355194391459,0.01020370359986902,-2.055147004352718,0.06390483896207759,true,0.08471181696961406,0.05074498263314796,0.14141480717752342,-1.072056003049111,0.2225508887391966,0.008941822754908199,0.007701045324808624,0.010382511828961483,-2.0485739429815437,0.06487637756237825,1.2242173884907337,0.13449096031284424
75,28,27,true,0.035853196985419736,0.028872186362722853,0.04452214729865312,-1.445472112765435,0.09404821491209178,0.01227742841690589,0.010581912057799844,0.01424461361131257,-1.9108925893269548,0.06454326271637163,true,0.025037125739376807,0.011964324202627533,0.05239390496888222,-1.601415529582073,0.3206962976279806,0.012229489931992304,0.010543227680541339,0.014185449515875578,-1.912591656155918,0.06443475865445167,0.8906920658968037,0.22084129132900648
76,125,124,true,0.038096253525471656,0.03379909367881343,0.04293974703785496,-1.4191177317578902,0.05197721339544394,0.020465491466420002,0.018173390754423733,0.023046681085650327,-1.6889778215737372,0.051586213773642656,true,0.057802411018105106,0.04059005444265389,0.08231372845844125,-1.2380540461811889,0.15352631999035754,0.021692744471292838,0.01914682340309093,0.024577192403667313,-1.663685499468633,0.054217768855631475,1.1444805389973676,0.11038357939342956
78,82,81,true,0.04054377242746746,0.03580686014247937,0.04590733384914016,-1.3920758444883576,0.05395791555476837,0.012405066542782549,0.010746716571456528,0.01431932022284705,-1.9064009017597072,0.06232330307834083,true,0.04557123896185408,0.03065821519594353,0.0677383796560077,-1.3413091639349521,0.17214396777484325,0.012464732822738191,0.010784420447644645,0.014406853395277263,-1.9043170260133206,0.06288616280985274,1.035749845760662,0.11372123803053882
79,200,199,true,0.04661687960020737,0.043403099870682894,0.05006862344244903,-1.3314568002655907,0.031022451589274254,0.0035754354694520455,0.0030809851506457,0.004149237393609835,-2.446671055831416,0.06463933900586989,true,0.07323828266682048,0.057903914335531624,0.09263356561533312,-1.1352618478365848,0.10203022890470385,0.0035990091857912763,0.0030982700601200454,0.0041806772386097655,-2.4438170448910252,0.06506368484002256,1.133232881573524,0.06244778926646243
82,181,180,true,0.04911026031180671,0.044757137200658555,0.05388677245107469,-1.3088277638589965,0.04030993616043826,0.018765977223834333,0.016625678005849204,0.021181806903849108,-1.7266288151108284,0.0525918197444104,true,0.07358063525664843,0.054951375714525276,0.09852546572989297,-1.1332364670177204,0.12678496347030177,0.020044127091838865,0.01761500827642825,0.022808222657006542,-1.6980128522322284,0.0561042961967901,1.1342480340760877,0.08862577813508579
83,200,199,true,0.040102157000334336,0.03733101922926983,0.043079000500970764,-1.396832267076855,0.03109788552014688,0.0036119269952374824,0.0031102917842380576,0.004194467118820883,-2.4422610362892985,0.06493783052298391,true,0.04049999279433663,0.031721467967781164,0.05170786604224263,-1.392545054053976,0.10610166907992412,0.003612701639211316,0.003110731578628072,0.004195673205502447,-2.4421679038608826,0.06496955817410459,1.0029233730176899,0.06869913153739438
85,42,41,true,0.054308716326406326,0.04638058962779869,0.06359204772278913,-1.2651304623325217,0.06853327222554319,0.0044952901785521235,0.003869524403161711,0.00522225257782996,-2.34724226858562,0.06510014153119512,true,0.08074621551485298,0.0519838783442224,0.12542256421881082,-1.0928778234183083,0.19125349894148583,0.004506301139239229,0.003877511514114919,0.005237057293985624,-2.3461797893676444,0.0652671145247528,1.1186947991129512,0.11636695247587531
87,143,142,true,0.04284153242387098,0.039181292151740606,0.046843705238650536,-1.3681350030285988,0.038786242568497754,0.010028258502078388,0.008729393221065432,0.011520384755016601,-1.9987744796022104,0.060241463393416746,true,0.08900352773422789,0.06410647871046508,0.1235698498573796,-1.0505927793646848,0.1425052983548286,0.010453058723449399,0.009051897453133801,0.012071108542889326,-1.980756609807115,0.06250376490471339,1.2197871774510662,0.08745239959174202
88,200,199,true,0.04642285332628414,0.043187837103272175,0.04990019078289077,-1.3332681696582784,0.03137037571850856,0.005492958331281312,0.004742289070728949,0.006362452979812738,-2.260193695455836,0.0638182812629976,true,0.07195275567539504,0.056202983692751195,0.09211608902448402,-1.1429525686252158,0.10728805945516588,0.0055743320134410594,0.004801861268030938,0.006471069375316583,-2.253807167787914,0.06478322363788623,1.1295065328019895,0.06641039188788667
90,74,73,true,0.047260455067558216,0.041884757628237734,0.053326096166469904,-1.3255021008928598,0.052441892424662594,0.007629211666258881,0.006586719985098117,0.008836700327365377,-2.1175203357910846,0.06381046311924957,true,0.09096937205782592,0.06075141506921362,0.13621784189169966,-1.0411048031210672,0.1753387985658906,0.007746913193254495,0.00667330041501256,0.008993250759220856,-2.1108713104204946,0.06478801345561709,1.1959514380566778,0.10638227370147815
91,200,199,true,0.04836926052483953,0.04503274744202988,0.05195297859033628,-1.315430552107856,0.03104100387138889,0.0037358325664804196,0.0032187808689116124,0.004335941318520035,-2.427612596329285,0.06469599227303992,true,0.062273766409290415,0.04884823753386329,0.07938918942798066,-1.2056948667130833,0.10545623448751991,0.0037485595732165053,0.00322806744480651,0.004352975615971174,-2.4261355828267757,0.0649218172070489,1.0742758235723302,0.06636515996794871
93,166,165,true,0.04889851548329125,0.04455319943849451,0.05366763434734981,-1.3107043254817239,0.04041677762481955,0.016848161729125344,0.014833039174284175,0.019137046044002147,-1.7734474772525115,0.05532237904252815,true,0.07392870060862637,0.05475317595016008,0.09981983106614538,-1.1311869270158288,0.1304037575519137,0.017809895606851374,0.015564889539215553,0.02037871073403904,-1.7493386261572654,0.058515330910893275,1.133176514354145,0.08832204585244985
94,200,199,true,0.04508105985963726,0.041975032321657973,0.04841692419661545,-1.3460058822048735,0.031003078569023387,0.003392375103072778,0.0029232134568784587,0.003936834928311063,-2.46949613277502,0.06464333795727906,true,0.070215382282661,0.05465621053979612,0.09020383704630348,-1.1535677353249838,0.10879274706419267,0.003413848224527491,0.002938934874507085,0.003965504578274862,-2.466755790987961,0.06505424660583571,1.130041268371263,0.06708608919023176
96,200,199,true,0.04405987210162741,0.040893896211324596,0.04747095555727888,-1.355956767867005,0.032384741718851036,0.007784328795370046,0.006712785127058735,0.009026920070801943,-2.108778828572288,0.06431842557248317,true,0.042431912526471646,0.03365452791175762,0.05349851304926866,-1.372307392909931,0.10064910421206039,0.007767316598713836,0.006696422729328494,0.009009468126977907,-2.109728992480055,0.06442814568590427,0.9887496320746475,0.06587794613217132
97,200,199,true,0.053623887187595934,0.04990088999646691,0.057624649125729184,-1.2706417072697103,0.03125000127307957,0.00523444388755301,0.0045144212457359535,0.006069305747180964,-2.281129451405591,0.06426846745412823,true,0.07248853080101306,0.05639489756366878,0.0931748673141411,-1.1397307024477783,0.10902948541615765,0.0052725074224255295,0.004541981638884551,0.006120529920583175,-2.277982800205606,0.06477182555736144,1.0888193212459536,0.06860511520740958
98,90,89,true,0.053810097273343134,0.048345761523058126,0.05989204590738843,-1.2691362228719603,0.04650537167353624,0.004950215836041733,0.004269146011617556,0.005739938797294422,-2.305375864832416,0.0642831265441502,true,0.14814149498306398,0.09938569884461228,0.2208154975106548,-0.8293232769409438,0.17335282719000766,0.005001769673197694,0.004307154565753245,0.005808405405888892,-2.300876310998634,0.06493323194755202,1.297099062728867,0.09962555006951726
100,11,10,true,0.03701836232770229,0.026389765633863572,0.0519276741005457,-1.4315827981107776,0.14698166859875803,0.010298338041331312,0.008343007694837931,0.012711934387780984,-1.987232856626543,0.09144449923538443,true,0.0682201317725839,0.026819789767269845,0.17352807085566022,-1.1660874460536466,0.4054571847287773,0.010374280182442776,0.008391689053115749,0.012825271363440782,-1.9840420270147243,0.09210858991344238,1.191355966944078,0.2544809717032725
102,200,199,true,0.044404333844984156,0.041293349270803324,0.04774969575090722,-1.352574640851376,0.03154524956437508,0.006486082238127658,0.005622841921786831,0.007481850527710778,-2.188017549135352,0.062026576756047364,true,0.09941314159677907,0.07638432621800838,0.12938482554567898,-1.0025562016618674,0.11443954624635878,0.0067204446385774165,0.005797971553294951,0.0077896857073259185,-2.1726019921705215,0.06412192759306931,1.2388210346946549,0.06800473211527669
103,200,199,true,0.0489051902460109,0.045540058881069406,0.05251898420343798,-1.3106450473061162,0.030961364892866983,0.003372532834439037,0.002908027455615239,0.0039112346403081194,-2.4720438134140195,0.06435768406682495,true,0.11141893878336102,0.08593071292816079,0.14446732136376858,-0.9530409823217855,0.1128106027264004,0.0034070807270922586,0.0029333549642341526,0.003957311413879366,-2.467617576172258,0.06501780384738536,1.2414871822372362,0.0661935600409112
104,200,199,true,0.04178567772437954,0.0388950107823863,0.04489117827102926,-1.3789725495917844,0.03113355418903887,0.004109430078751108,0.0035441341409335474,0.004764891762165663,-2.3862184045998633,0.06427144438468492,true,0.059586134242650614,0.04529840291082638,0.07838041003283591,-1.224854789294866,0.11906232037535594,0.004133570296929657,0.0035618271640947587,0.004797089418571396,-2.383674672210869,0.06465248607601563,1.1040008409151876,0.07486218726469059
105,38,37,true,0.045361156785576486,0.03587704166995351,0.05735240279437226,-1.3433158787362538,0.10186749623905789,0.02823299231050057,0.024710459241669345,0.03225767060859105,-1.5492430901467689,0.05787609305214306,true,0.06550976465022151,0.037187433645519685,0.11540267353309151,-1.1836939608076222,0.24590983104171213,0.02919576842648949,0.02534836367178624,0.03362713684599485,-1.5346800897227697,0.06136998097674232,1.1378031825360166,0.18428898983714403
106,169,168,true,0.04735488997406837,0.04368525123978866,0.05133278488309708,-1.3246351681052209,0.035029994153509346,0.009252826655926912,0.008062716353588626,0.010618605116441361,-2.0337255739051168,0.059793044509357254,true,0.11934597039476788,0.0880916704725634,0.16168907426843507,-0.9231922399572716,0.13187291450040148,0.009774988984677059,0.008461881236857281,0.011291863709262478,-2.0098837233332887,0.06264935098453926,1.2759984439138061,0.0783307631779454
108,195,194,true,0.04097316863107771,0.038064256831630575,0.04410438262584661,-1.387500448890883,0.031982196083232425,0.005649628548516872,0.004870745704467877,0.006553062851739227,-2.247980105212864,0.06442443859439885,true,0.050851098476980806,0.040061869473756784,0.06454601970108996,-1.2936996610826619,0.1035691272799809,0.005698442135345275,0.004905488231125336,0.0066195740851729985,-2.2442438573971155,0.06507390447885107,1.0640454724382156,0.06564111715700084
109,200,199,true,0.04992190978208148,0.04640881954234908,0.053700936607881125,-1.3017088089034616,0.03169066927875738,0.00723905652230344,0.0062721905552462435,0.008354966079477893,-2.14031803240199,0.062262723432659664,true,0.09304633790585497,0.07174235306426073,0.12067656869207757,-1.0313007150488165,0.11292366803268954,0.007452566687545268,0.006431046530916555,0.008636347127221571,-2.1276941290956213,0.06402421903468943,1.184645745225121,0.0688823108097648
111,30,29,true,0.046822370171437075,0.03729185572359178,0.05878855599787579,-1.3295466058823955,0.09883939878356743,0.02094347980939377,0.018188713529767267,0.02411546840894674,-1.6789511575921843,0.061246859489529605,true,0.08106203491348464,0.04330743396461136,0.1517303821252613,-1.091182498292266,0.27225504986485627,0.02157157049783169,0.018648907527746738,0.024952274177486182,-1.6661182353465402,0.06322836918263934,1.1855354336957267,0.1846754789714765
113,67,66,true,0.03035649786931956,0.02466150665010695,0.03736661250929722,-1.5177483330321542,0.09023206146240478,0.02898653897593492,0.02567650959397794,0.03272327333776145,-1.5378036367797292,0.05266037681028779,true,0.0215196328731024,0.01277144577916751,0.03626015464502061,-1.6671651420458815,0.2265947940209227,0.028740463205662672,0.02542388379150871,0.03248969481019769,-1.5415062366874512,0.05325186853506325,0.8827491974144125,0.16876262706193723
115,45,44,true,0.05025906958422743,0.041670362047746316,0.06061800165253971,-1.298785555500229,0.08138717071263091,0.02454571088958649,0.02151952908544085,0.027997449232417627,-1.610024385403434,0.057142851218951934,true,0.10580855626785503,0.05806290924096434,0.19281587377969808,-0.9754792114155276,0.26062199622688476,0.025188410341034938,0.022070247062738427,0.028747118856658326,-1.598799240278837,0.05739356487471344,1.2436759562235056,0.17031718253203323
116,114,113,true,0.04208347679219761,0.037326245960121796,0.0474470167938007,-1.3758883874548182,0.052097299039633546,0.02109150742118119,0.018743144625863826,0.02373410087674864,-1.6758923798951402,0.05126516380446264,true,0.08120331331472082,0.055331002178651494,0.1191732994822365,-1.0904262500082944,0.16660521357989225,0.0227584802963533,0.020152913276088355,0.025700920671060133,-1.6428567414396729,0.05280542256082369,1.223615901075912,0.11521601223927208
119,24,23,true,0.054585292323075595,0.044231399236394166,0.06736287319493163,-1.2629243595550472,0.09134496218697134,0.004366646574494309,0.003758859500061173,0.005072709503037442,-2.35985195737069,0.06509194982012818,true,0.06869502841855488,0.034343317170187494,0.13740684704512196,-1.1630746924676127,0.3010830668201388,0.004368316054662853,0.003760072227563242,0.005074951755858068,-2.35968594726522,0.06511786532550215,1.067939405286252,0.1908751730657771
120,173,172,true,0.05275836822373949,0.048860409147337594,0.05696729655370385,-1.277708645316439,0.03333425533539735,0.0037645349145678983,0.003245796222049607,0.004366177712182986,-2.4242886705956077,0.06439007898424326,true,0.11489829367747921,0.0878540589089304,0.15026759211752608,-0.9396864208500754,0.11655174819590075,0.0038025019533972863,0.0032736841950669424,0.004416742802307634,-2.4199305541718883,0.06503266414099769,1.2295574063568429,0.06863194585756949
122,17,16,true,0.046970213666774084,0.035799148721352966,0.06162719088866176,-1.3281774642133894,0.1179498362381161,0.01203301644631677,0.010149035159917028,0.014266724128534166,-1.9196254897193887,0.07394975321769166,true,0.04176462272552111,0.017061542069852224,0.10223482169804958,-1.3791914373747134,0.38879028127084087,0.01201964478973731,0.010137255867074691,0.014251574860677706,-1.9201083666208372,0.07397122503629991,0.9645086247378735,0.26022086820769996
123,46,45,true,0.02696160933120116,0.021773090690889375,0.033386549849465604,-1.5692541884423363,0.09282573002569273,0.0262798374877071,0.023368507139367244,0.02955387155291751,-1.5803773247443067,0.05099170620295046,true,0.054821113985775057,0.028810943823028734,0.10431294986730516,-1.261052143678689,0.27939037067473166,0.027332001510035127,0.024365266211161522,0.03065996899317072,-1.5633285639555003,0.049900275266366034,1.259757824524108,0.2036004956223551
124,20,19,true,0.034866113222555395,0.027476502142619024,0.04424310798143603,-1.4575964638680783,0.10344209147251619,0.007621002512111922,0.0065165854843748225,0.008912593785330844,-2.1179878952167783,0.06799200808930832,true,0.06259187608409368,0.028112310345567878,0.13936040487487722,-1.2034820310196603,0.347621430413082,0.007635280938604848,0.006527033922568777,0.008931700938437743,-2.117174978536683,0.068109151628356,1.1752506696064164,0.2156607642376773
125,25,24,true,0.04150766942963893,0.033667802621067895,0.0511731234993659,-1.3818716506798314,0.09091357687880984,0.006609647852303546,0.005693978281784227,0.007672569611166706,-2.1798216781656996,0.06476251552481392,true,0.06762038468321147,0.032621873363409576,0.14016719315188922,-1.1699223629207258,0.31656873960156423,0.006625176558482735,0.005705309247285246,0.00769335412483639,-2.1788025434510714,0.06491826690958004,1.1450937650445951,0.1979661970939985
126,48,47,true,0.03704444566587359,0.03165690433652948,0.0433488675994244,-1.431276899627784,0.06825465653240538,0.009652198041775932,0.008321128716828262,0.011196188667199769,-2.0153737759087016,0.06444398406951209,true,0.050011990297099684,0.03105375109976703,0.08054418821872882,-1.300925861752112,0.20696007049746423,0.00975432678330785,0.008390690421128808,0.01133957829691405,-2.010802699040732,0.06539960309245117,1.0917030619298445,0.1328152150665542
127,200,199,true,0.05401870655016186,0.050240989077184973,0.058080477931466666,-1.2674558189796032,0.031486000400027414,0.006327341241993112,0.005461422154912148,0.007330553481682089,-2.1987787428257834,0.06391550941310653,true,0.07974417328391235,0.06217924060136001,0.10227100091980783,-1.098301039970987,0.10805354635292479,0.006425237229009613,0.005532362227750105,0.0074622144663583105,-2.1921108329230736,0.06497855956536695,1.11518069501455,0.06744153885771921
128,136,135,true,0.040679431926137134,0.03726471432454402,0.044407054014185675,-1.3906251204756097,0.03807708329529247,0.005187723506451796,0.00447468405656717,0.006014385560896759,-2.2850231788528363,0.06421444458650206,true,0.07261976867059987,0.05535704749670317,0.09526575278577698,-1.1389451388607743,0.11788194244493123,0.005280901394332655,0.004542691945208175,0.006139073455351061,-2.277291941637999,0.06539477147745616,1.1734457058665868,0.07096236298009442
131,44,43,true,0.04197933869964943,0.03563250436895684,0.049456666290208194,-1.3769644071389266,0.07118924580064172,0.010660363905608422,0.009201179049428165,0.012350956110028264,-1.972227969840389,0.06392854826497811,true,0.06114351455489795,0.036550592277964984,0.10228368787279105,-1.2136496014632172,0.22345597973352255,0.010746897248642565,0.009262972504839604,0.012468546183478178,-1.968716903403719,0.06453272165363232,1.1141802604592683,0.14181047092538407
132,200,199,true,0.04939313307887758,0.045972395878557316,0.05306840221667976,-1.306333425028732,0.031169437117788804,0.004596414148409489,0.0039628132910674,0.005331319310783949,-2.3375808472018416,0.06441554187434702,true,0.06484538545750157,0.05043635339913955,0.0833708968183194,-1.1881209238458832,0.10913539706119213,0.004619308469607833,0.003979462723164907,0.00536203307375633,-2.3354230353340153,0.0647525237771406,1.080072573551434,0.06882412802094709
133,149,148,true,0.047885737746932715,0.04404092176961199,0.0520662099572631,-1.319793817277001,0.036349782612505224,0.005643466019807702,0.0048709370452685785,0.006538517829471986,-2.248454085566508,0.0639333978917263,true,0.0786020902575693,0.057857983217876094,0.10678368393162718,-1.1045659046570595,0.13307080416808062,0.00570488023645577,0.004915920055824412,0.006620461305863456,-2.243753468369753,0.06464171998633976,1.1457974874488546,0.08226510606139
135,76,75,true,0.044732143095754046,0.038567010318591236,0.05188280370735532,-1.3493802944863125,0.06440373147685681,0.023136152957336235,0.0204518135327185,0.026172817036930387,-1.635708853175868,0.053559322386324354,true,0.07768459276126824,0.04857538607531662,0.12423773520043511,-1.1096651065821188,0.20391863237635888,0.024140817934252757,0.021306193576529266,0.02735256715102431,-1.6172480193126277,0.0542461122198647,1.1853742712372894,0.14092426766324057
136,200,199,true,0.048459551225738806,0.045106237345283184,0.05206215909839288,-1.3146206120946684,0.031142787106341628,0.004391572323247305,0.0037855257308431786,0.0050946444012192815,-2.3573799606111394,0.06449383688729073,true,0.058300246868663495,0.0453077999407144,0.0750184027782108,-1.2343296062449083,0.10949741956542688,0.004404956283885173,0.003795271562467104,0.0051125827344819024,-2.3560583972999805,0.0646987463521954,1.054340362975208,0.06975218874486924
137,200,199,true,0.03876234629979801,0.036039069497905064,0.04169140634313007,-1.4115899428128418,0.03163648789739476,0.005675487014665773,0.004894433114223728,0.0065811815386813384,-2.2459968656402265,0.06430073640681534,true,0.046141727793033056,0.03656433782569813,0.058227747863931374,-1.3359061472026366,0.10103613996939156,0.005718219621014489,0.004924566358924291,0.006639779678245122,-2.24273916860674,0.06489283741604175,1.0517442440106448,0.06430501761693287
138,200,199,true,0.038686490032036704,0.03598089047114205,0.04159553839278205,-1.412440671386728,0.031487421356996524,0.005532138092072994,0.004781829633246286,0.006400176128606285,-2.257106987659477,0.06329891330419336,true,0.06880063887175444,0.05369485539869128,0.088156078902057,-1.1624075289565035,0.10765979389126619,0.005660241360970488,0.004876027939330148,0.006570580124453175,-2.2471650494649578,0.06476876510179276,1.1706466911992381,0.06558081972343464
139,62,61,true,0.04902116722952488,0.04118099155435258,0.058353981918413865,-1.309616352094413,0.07568684857161959,0.029999278261977205,0.026653390381178907,0.03376518646854907,-1.5228891936340434,0.05135834609208996,true,0.10867725814419801,0.061885046833231136,0.19084976164869766,-0.9638613270802975,0.24455294897757116,0.03159292857702069,0.028114965838341843,0.035501132806341575,-1.5004101143326187,0.05065232551993727,1.2787340810363672,0.1710565932311701
140,22,21,true,0.04487802194804694,0.03328956650813031,0.06050054311994404,-1.347966293373549,0.1297255667522323,0.03531407971685094,0.030915714001582294,0.04033819908491442,-1.452052106957798,0.05776861201592854,true,0.119736753255796,0.0559289883432271,0.25634095135524737,-0.92177252222348,0.33059051399856,0.03565452336378238,0.03123785147299458,0.04069566171660387,-1.4478853649057413,0.05743347946360633,1.359336114503703,0.2145236967407795
141,16,15,true,0.036077905407674735,0.02629594298945456,0.049498710091024745,-1.4427586844420348,0.13735256604935508,0.019151144113705706,0.016163382422047328,0.02269118624352072,-1.7178052756156417,0.07366247602013762,true,0.05266524501610187,0.02078339087090858,0.13345406675136975,-1.2784758909929996,0.4038077035921248,0.019157916421041695,0.016167016488070535,0.022702133189908193,-1.717651725740215,0.0737183930249161,1.1182364215516243,0.26338620354518083
145,200,199,true,0.04174297004837655,0.038804587853981526,0.04490385402407711,-1.3794166537436852,0.03170027112916435,0.0057314540509688,0.004929294664051973,0.006664151319240408,-2.241735184978092,0.06548003477613484,true,0.03361243449160881,0.02681221781974269,0.04213734798248541,-1.473500031178773,0.09816722992081052,0.0056817053534371125,0.004891625753651603,0.0065993960595161156,-2.2455212920306,0.06502548514508041,0.9356744694561095,0.06490548826061505
147,101,100,true,0.04636867280559325,0.041858355917145575,0.05136498485530534,-1.3337753345863204,0.044442498987065225,0.005903715546937367,0.005084585785471124,0.006854807594896447,-2.228874575875315,0.06486984511791914,true,0.0421014065935706,0.03001120713569908,0.05906221729577426,-1.3757033942920915,0.14701314137837654,0.005895130125653891,0.005077842950171294,0.006843961016403577,-2.229506604100746,0.06481413121045354,0.9714282655068687,0.0964064645604946
150,200,199,true,0.04121692744343797,0.03827367553927621,0.04438651590005501,-1.3849243862612177,0.03217544287106284,0.007817071367085489,0.00678158228072413,0.009010670700228221,-2.1069559230703945,0.0617130415263987,true,0.05991535558604524,0.04625216493857783,0.07761474170494521,-1.222461858885476,0.11240607541518967,0.007965939589402726,0.0068926064284424255,0.009206414757726614,-2.0987629914351675,0.06285352781264152,1.1113713194819177,0.07098858077155144
151,22,21,true,0.06646278144201466,0.05263920309481803,0.08391656896956065,-1.1774214876188196,0.10126920651203744,0.01226605250408759,0.010551014010725926,0.014259865817643989,-1.9112951806735774,0.065410619588375,true,0.06286646579129494,0.031954575777557705,0.12368158315103514,-1.2015809540045383,0.2938859896777382,0.012258391779529703,0.010543533009313483,0.014252164704914767,-1.9115665026633935,0.06544733528864591,0.9832285919202524,0.19275198465645077
152,66,65,true,0.050140424262372474,0.04407388490036169,0.05704199098614242,-1.2998119955866632,0.05600667125243578,0.009040323070158169,0.00781396342982803,0.010459153276921937,-2.043816049051199,0.06331257659920253,true,0.10272637795606224,0.06422558213043318,0.16430693779529584,-0.9883180244666708,0.20397392620118687,0.009160891851337994,0.007903449181225599,0.010618394271613063,-2.038062243880158,0.06412109097372293,1.2134050226672302,0.12406562246280924
153,118,117,true,0.04822313295967846,0.043908516532706665,0.0529617198685049,-1.3167445778054994,0.040706657659977726,0.005385669549646383,0.0046510234332403375,0.006236355699842255,-2.2687602972609007,0.06369117511721213,true,0.12050939599737755,0.08188301146810083,0.17735686882144397,-0.9189790902614978,0.1678271031060186,0.005436065253147949,0.004688514175570725,0.006302808166914693,-2.2647153387474916,0.06424942783118527,1.265930357767379,0.09864750550502979
154,117,116,true,0.045524402649702984,0.04048866794234979,0.05118645146743761,-1.3417557441083259,0.05091076696725262,0.021231509005099795,0.018840526075619923,0.023925922918731524,-1.673019137755893,0.05188783700651538,true,0.08298479596748036,0.05614846373701212,0.12264763634530029,-1.081001469458562,0.1696606523957104,0.022494531714119217,0.019897808137091976,0.025430135497902465,-1.6479230434448848,0.053271717652626054,1.1986033537913097,0.11572601116013324
155,200,199,true,0.045559685172199715,0.04226533136247791,0.0491108160300074,-1.341419285656344,0.03259643612647221,0.008466042442389816,0.0073110798242635175,0.009803459455945114,-2.072319558629609,0.06369891570045708,true,0.048511160019019575,0.03824188200309296,0.061538097058104736,-1.314158340219625,0.10330240265523902,0.008504648954762186,0.00733366705224368,0.009862603978129741,-2.070343607995693,0.0643352028585385,1.0188893908183576,0.06732886215943497
158,140,139,true,0.04543673670193174,0.04160649594992808,0.04961958451404365,-1.342592867509096,0.038245990927478817,0.007125826799708979,0.006139573606241176,0.008270510435420628,-2.147164737815033,0.06469705177455214,true,0.05215157813859484,0.03990751706405636,0.06815225056423276,-1.2827325450224292,0.11621274696111865,0.007170575489679783,0.006169993462681544,0.008333420961332758,-2.144445987712584,0.0652693084037423,1.0411587651184735,0.07424561390334515
159,48,47,true,0.054237582278532294,0.046579318261883364,0.06315496750899885,-1.2656996780365422,0.06610719408228913,0.009734121525825918,0.008402542567241685,0.011276720245245035,-2.011703236100921,0.06388604261815933,true,0.10210872266191907,0.05877208829279759,0.17740038760757146,-0.9909371566189639,0.23989172101909956,0.009815720423927482,0.0084626291240258,0.011385157736284294,-2.008077819889314,0.064416871838571,1.1883880605496562,0.14798605670996437
160,109,108,true,0.03665237042350061,0.03190823848021166,0.04210186214117174,-1.435897932931281,0.06019923778715353,0.02043436230387473,0.017936370904215237,0.023280247994196247,-1.6896389107896597,0.056626513139388594,true,0.05024947457822477,0.03736568810934197,0.06757562413941917,-1.298868474981516,0.1286585405850414,0.02214740498907467,0.019143101330451065,0.025623201762497893,-1.6546771527342745,0.06331054906041743,1.1243840992654264,0.09651561247283356
164,23,22,true,0.04616788732883117,0.03671883882744569,0.05804850829908238,-1.3356599985791069,0.09945106251931543,0.00967698216987445,0.008318029721405848,0.011257952550359615,-2.014260059149602,0.06571947302784356,true,0.021688173114883393,0.01190608367574659,0.03950726921391764,-1.663777028877472,0.2604540406820898,0.009605804681329981,0.00826531975952851,0.01116369193938173,-2.0174662482907473,0.06527409197329101,0.7768587027144157,0.17605641470598662
165,200,199,true,0.0479895382260769,0.044658844944023154,0.05156863734471291,-1.3188534289971794,0.031239084710843065,0.004741653173045466,0.004085139596102726,0.005503673567214561,-2.3240702155499666,0.0647228827538748,true,0.06584625183336969,0.05267091690260352,0.0823173230213736,-1.1814689413462942,0.0969601799720342,0.004787612791799085,0.004118397756219572,0.005565571273338704,-2.3198809813201513,0.06539073006727976,1.093711329047246,0.06018692460179565
166,200,199,true,0.04725870354874624,0.043849664871376835,0.05093277377739181,-1.3255181965705238,0.03251552488518044,0.00890244291335372,0.007715071360263549,0.01027255434521536,-2.050490802545027,0.062169250046686386,true,0.06791262896149952,0.053167199982187,0.08674756567973373,-1.1680494572615254,0.10630675367322664,0.009150791264178185,0.007895649411524598,0.010605458322191475,-2.038541351091079,0.06407079268459857,1.1091557483338466,0.06729665865667793
167,150,149,true,0.04753067276639294,0.04330338631480998,0.05217062788582151,-1.3230260385000183,0.04045210209045179,0.014995226912981784,0.01317927945328149,0.01706139026559805,-1.82404695795979,0.05606137518267363,true,0.09476311405388001,0.0696105997505124,0.12900402837173613,-1.0233606761658722,0.13396394826589805,0.016231809288325804,0.014157682429259898,0.0186097995974298,-1.789633068581555,0.05937476496868885,1.2191292624255898,0.0860937321990937
168,102,101,true,0.04528328541900432,0.04060115956177363,0.050505354045839744,-1.3440620714933134,0.04739949138051683,0.010670918190146495,0.009188702359487983,0.012392228038948514,-1.9717982096516873,0.06494760626418118,true,0.0350262973773552,0.025279535431523812,0.04853101479218789,-1.45560576943573,0.14162514202115165,0.010522612111642958,0.009069221752756885,0.012208915899364405,-1.9778764384277883,0.06455354055230847,0.9219857034243251,0.09580779288032885
170,116,115,true,0.04412689307032176,0.040078130117284554,0.048584669153510396,-1.3552966497092997,0.041795899374849094,0.006751653857868802,0.005821024065924976,0.007831067059715228,-2.170589831114473,0.06441077408839527,true,0.054569150936231985,0.039677235487313736,0.07505039595950118,-1.2630528035299917,0.13840579141604706,0.006790962773747757,0.005848797619032351,0.00788489846944946,-2.1680686502136024,0.06486475568553322,1.063093215251669,0.08819408425526408
213,33,32,true,0.060487355808263484,0.050513726470108856,0.07243021785059726,-1.2183354001674715,0.07825519161104237,0.007015053343793989,0.006043625897826028,0.008142624022108493,-2.1539690221655867,0.0647334042882402,true,0.0890630623534857,0.047796862526560124,0.1659571079874341,-1.0503023761219819,0.2702982342140674,0.007024073210648586,0.006050263531355246,0.008154620738891949,-2.153410970505285,0.0648147378636009,1.1145470848044408,0.16961461029258984
232,92,91,true,0.04331208955934399,0.03869010249157959,0.04848622725682644,-1.3633908635524963,0.049009256261836213,0.010424898470806323,0.009018588280816853,0.012050501114213909,-1.981928165973704,0.0629332731844088,true,0.06282625801247593,0.04401009371969035,0.08968712316293538,-1.201858806477424,0.15458890012661505,0.010616651981016755,0.009157275397583212,0.012308606478710281,-1.9740124187925125,0.06422130577223815,1.1131424609002232,0.09827701159665615
261,14,13,true,0.05622362427787283,0.03927322405982717,0.08048985033986338,-1.2500811624079025,0.15582228228761544,0.022427069821828252,0.018584767007095607,0.027063748531317385,-1.6492274648628489,0.08161541432025579,true,0.04071793741379737,0.01664299270054283,0.09961852757285913,-1.3902142295046396,0.3885543477913061,0.022182050579403326,0.01837017195721721,0.026784908113715023,-1.653998308765965,0.08188846961951482,0.895939305170526,0.27183892387503067
268,196,195,true,0.04476280375624986,0.04151862883621045,0.04826047141453292,-1.3490827188878192,0.03267427872603199,0.00896747563411533,0.007808177777102432,0.0102988970722813,-2.0473297946892006,0.06012051249442143,true,0.0810449300038825,0.060789679455989384,0.10804927313508093,-1.0912741484923054,0.12489599815223909,0.009226410139196735,0.00800574574776335,0.010633193551076118,-2.034967243719633,0.0616309629290644,1.1762929627410978,0.07749759765044063
293,11,10,true,0.03591352808892168,0.026129848746310212,0.04936046558539289,-1.444741928366381,0.13812117583024897,0.0029250025393884253,0.002363353953187478,0.003620126322546677,-2.533873752541834,0.09259747783405338,true,0.051084826747242074,0.02258028178622465,0.1155724958838995,-1.2917080751780314,0.3545625675058785,0.00292757556011132,0.002364981139305928,0.0036240029646394684,-2.5334918870614347,0.09268043134381385,1.10653428754426,0.21731488329109627
296,195,194,true,0.05404642741843907,0.050252429291840976,0.05812686785215498,-1.2672330085328236,0.03160993029922523,0.004935963371757647,0.004253249140499923,0.005728264111156542,-2.306628071726548,0.06465110535832938,true,0.05206606634742262,0.040411128455289436,0.06708239459072533,-1.2834452325440289,0.11005378944434004,0.004932997057746592,0.004250842028975524,0.005724621099975637,-2.3068891435698475,0.06463589054065647,0.9889940885693983,0.07181763502501769
303,194,193,true,0.04180224097633822,0.03885937373445141,0.044967975103897266,-1.3788004355079793,0.03170376734981166,0.004540528837404766,0.0039164901097310705,0.005263999536748457,-2.3428935617263225,0.06420940411269342,true,0.05526254655573845,0.04266420747411766,0.07158105664280405,-1.2575691062160528,0.11236721114950404,0.0045636347290105685,0.003933347513974278,0.005294920386728777,-2.340689123570974,0.06454855810620387,1.0821173603354814,0.07091838882851258
319,16,15,true,0.11071927539992203,0.0852868917039726,0.1437355459926179,-0.9557767651095462,0.1133409481320254,0.008172722687365847,0.0068535257077953155,0.009745844543723311,-2.087633237088789,0.07645271674420229,true,0.20752449916800972,0.09010445786041453,0.47796101078206005,-0.6829306255764056,0.36232309647131755,0.008187633308822035,0.0068639128536315585,0.009766636119842919,-2.0868416158777814,0.07658662318413223,1.1888377081499804,0.22298581445263035
325,11,10,true,0.06899879568325827,0.04837929634477665,0.09840642930835085,-1.161158489446511,0.15418196310065427,0.02097143554791061,0.017105443794756047,0.025711177927754025,-1.6783718399592047,0.08849381375512029,true,0.12748513555465177,0.05172049260213718,0.3142363687912044,-0.8945404499196485,0.391796897495909,0.02129490208982196,0.0173455907895216,0.02614340788490438,-1.6717243523945429,0.08908655113797743,1.2033421014723011,0.25529227155818157
335,13,12,true,0.05150496526853991,0.03566962081274686,0.07437032934102608,-1.2881509013513759,0.15955060606964636,0.029376733729902776,0.024550756018861326,0.03515136087762862,-1.5319964931589816,0.07793863646088053,true,0.12040800181819195,0.04337474076797821,0.3342518397839752,-0.9193446507026835,0.4434184570804733,0.02934174482788303,0.024577354226239627,0.03502972621135246,-1.5325140640922459,0.07695080702331238,1.2803186167097107,0.289004507896682
357,14,13,true,0.07967124398225323,0.059048974406564314,0.10749563699406242,-1.0986984017322563,0.1300892393061493,0.014833911410999323,0.012286255121799896,0.017909845235017395,-1.82874431894894,0.08183615192983405,true,0.051000762755967384,0.019405203274166918,0.13404022441512592,-1.2924233286426414,0.419658474918448,0.014791711861527786,0.012255577495055334,0.01785266666403417,-1.8299815617033528,0.0816846578365205,0.866416987858055,0.28369464024306024
362,12,11,true,0.04416706877154753,0.02837640953175765,0.06874477765368577,-1.3549014225343232,0.19214113416632797,0.030224087438270757,0.024996473415591813,0.03654497361641557,-1.519646803006692,0.08247445568860025,true,0.03284612244871732,0.011441511944503407,0.09429416017298556,-1.4835158924214364,0.458000689260757,0.030062692816161817,0.024825571448252263,0.03640462018136275,-1.5219721207943073,0.08312862510106145,0.9026539941719707,0.3218239114209493
381,54,53,true,0.040642075037634305,0.03484499599664413,0.047403600319649276,-1.391024126649617,0.06683545439073427,0.013459061764030543,0.011661748848693624,0.015533377190530164,-1.870985213879233,0.062251102045602115,true,0.05036821536527534,0.03019928349837427,0.08400719570778331,-1.2978434366893166,0.22215992420762912,0.013528895767633574,0.01171105076511114,0.01562891531789519,-1.8687376491964596,0.06266648724129766,1.0655725213320268,0.14593082177978633
392,24,23,true,0.03568241185091081,0.02731205297670345,0.04661804502883983,-1.447545798406309,0.11609985542893231,0.022483230072915056,0.019593761761912076,0.025798804775418616,-1.6481412953240226,0.05974088146305623,true,0.07595711630258009,0.03814831206814308,0.15123823844939296,-1.1194315315291445,0.29909314179486374,0.023399122301656593,0.02035591273434618,0.026897291791002018,-1.6308004326196104,0.06050898699251178,1.2747458549267083,0.20650616270131042
403,12,11,true,0.020234852833290354,0.013869976334216145,0.029520545624496825,-1.6938999498551837,0.16402433009014042,0.017073220381222658,0.014146024360944181,0.020606132631199623,-1.7676845537602688,0.08168104459180946,true,0.04509603728638465,0.016644503095765796,0.12218163361406305,-1.3458616191035946,0.4328675466177894,0.017247817122998322,0.01432522606927747,0.020766666722726198,-1.7632658612529648,0.08063265436484832,1.2704517970488634,0.2873283598317212
410,12,11,true,0.02366033804883733,0.01710125794650841,0.03273511213831828,-1.6259790546490915,0.14099288764101342,0.009026664112466333,0.007390082971919713,0.011025676614036918,-2.0444727175952484,0.0868779679551764,true,0.03649683175795212,0.011544981955261518,0.11537642358645761,-1.4377448344410377,0.49986190710494177,0.009026826520661373,0.00739131318934506,0.01102423817618473,-2.0444649038173637,0.08681349131681404,1.1303597243299839,0.3218957513595569
415,11,10,true,0.09947414599888883,0.06821284430464745,0.145062206730677,-1.0022897806516637,0.1638440604481931,0.02872976311801256,0.02337135600595638,0.035316705141402796,-1.5416679548282446,0.08964813428488572,true,0.23655557120322288,0.07757507322115924,0.7213468958998017,-0.6260668192733093,0.48421098655066236,0.028851561895435383,0.023472072140127018,0.035463959842858356,-1.5398306710972314,0.08961789762122727,1.2776773018419951,0.3110176437513544
421,17,16,true,0.052915741986695,0.03856394600300721,0.0726086420145938,-1.2764151097997678,0.1374034241071149,0.028203426166459114,0.02410109296179764,0.03300403217346793,-1.5496981301627581,0.06826513197130991,true,0.09699033172785482,0.042423137470251386,0.22174513743298524,-1.013271555285438,0.3591256604107286,0.02860860154069049,0.0244493997043024,0.03347534467154929,-1.5435033710659454,0.06822842839095704,1.2075038731033465,0.2425755364835466
425,14,13,true,0.051528230220759405,0.03666174004950327,0.07242314483978121,-1.287954773482209,0.1478321527992923,0.02685248466277392,0.02259994203707962,0.03190521158777644,-1.5710155227984255,0.0748771519041183,true,0.11925066526741428,0.05329226212182415,0.2668440145065121,-0.9235391894688874,0.3497966551959138,0.027661457366538064,0.02329296451982931,0.03284924179528223,-1.5581249424634334,0.07465029237368627,1.3084407774687117,0.23349998961891405
485,187,186,true,0.041801536828910454,0.0387943480530514,0.04504183132216128,-1.3788077511425203,0.0324237909995886,0.0049422282684585695,0.0042600428177045286,0.005733656045906231,-2.3060771995566616,0.06450883622340034,true,0.05657366544949976,0.04444583809726749,0.07201078344810631,-1.2473856820882872,0.1047832179826442,0.00498826068446081,0.004293293108183571,0.005795724640534722,-2.302050858548639,0.06515860216332056,1.0895461627049594,0.0655303077526798
506,186,185,true,0.046555396714557454,0.04320218706736029,0.05016887130900196,-1.3320299682271581,0.0324642986791428,0.0052797524373619205,0.004557980923571644,0.006115818882801643,-2.2773864406495674,0.06384105614646772,true,0.0728429190526429,0.05589630583967323,0.0949273977305278,-1.1376126589362354,0.11500423454513176,0.005330132278568643,0.00459490256267519,0.006183005998390234,-2.2732620128984586,0.06446168072460474,1.131856328871378,0.07119558193702152
512,15,14,true,0.08969860038157089,0.0654021523728601,0.12302101106005078,-1.0472143334475779,0.13719362544108266,0.02896346713623718,0.0243797247626554,0.03440901965541803,-1.538149451176301,0.07482175052471221,true,0.20829228269478867,0.09494438504093984,0.4569588292293214,-0.68132682052348,0.34120389358243725,0.030021389733186115,0.025150495265039204,0.03583562995535499,-1.5225692075129962,0.07688425085824627,1.2986532042929568,0.22703407526523248
530,129,128,true,0.04410861804947022,0.03998629940628445,0.048655920030656157,-1.355476548725586,0.0426122377334428,0.012523593136618162,0.010906312426723104,0.01438069797700391,-1.9022710500771485,0.06005101541503643,true,0.05841044415525814,0.04188368335062785,0.0814584514416492,-1.2335094913558489,0.14444564106925586,0.012715946864294276,0.011049643951184074,0.014633530760801414,-1.8956512955254308,0.06100042034731403,1.0856206584000512,0.09412804132352084
550,19,18,true,0.015483109478925377,0.011572844405698588,0.020714585864331253,-1.8101418153633224,0.12641807046644618,0.01192219110484105,0.01019101127412365,0.013947452015999647,-1.9236439209973357,0.06813879696091003,true,0.02003770892332205,0.00890124573394284,0.04510714465108133,-1.698151936439526,0.3523972729247928,0.011989829740332586,0.010236007536894071,0.014044149213843182,-1.921186983986977,0.06868241902156562,1.0827587135420704,0.23665222924658694
559,148,147,true,0.0515548269207651,0.0473856629298929,0.05609080921295561,-1.2877306668127733,0.03662237236313932,0.006234782462548477,0.005377800236094436,0.007228329549022586,-2.2051786948659435,0.06421663926112389,true,0.06660521160805137,0.04991214659381964,0.08888125468646182,-1.1764917875854641,0.125301964251408,0.006275297728787723,0.0054069828117542925,0.007283056550378,-2.202365664444179,0.06467934655577035,1.0757346674760013,0.07938427355517484
563,183,182,true,0.04407652826120103,0.04079257996541462,0.04762484611680793,-1.3557926205170143,0.03362620593078699,0.007926094742866952,0.006863406567904675,0.009153323098573527,-2.1009407407252203,0.06251953330153928,true,0.0657202425059671,0.050590962784449814,0.0853739489688207,-1.1823008426987982,0.11362621286011593,0.00810037123889064,0.006991080176551796,0.009385676111672119,-2.091495077009361,0.06396064016725869,1.1193602538658225,0.07138063894961158
567,36,35,true,0.02944906927822912,0.02477282764824031,0.035008021436565465,-1.5309284263001932,0.0750959925504192,0.00481991458402691,0.004149676026004127,0.005598407309807707,-2.316960658029713,0.06502515022468161,true,0.030267771175418744,0.01715478968164946,0.05340420890776093,-1.5190195579616597,0.2465950440797821,0.004820852104148162,0.004150186000463038,0.0055998972112278325,-2.316876191756483,0.06505624715442418,1.0081232364919634,0.1597185917565693
570,48,47,true,0.039028880105444044,0.030752376861632128,0.04953286990267074,-1.4086139101843869,0.10350740163919306,0.03625233147338989,0.03230465356993284,0.04068242163351164,-1.4406640576869842,0.05007085421815435,true,0.05974158752332256,0.03309569125255658,0.10784054191740461,-1.223723240997737,0.2565053025994706,0.037466137943508525,0.03332880994077064,0.042117060131957165,-1.426361072218922,0.05081912103274636,1.1702753588771995,0.20316547242203384
581,17,16,true,0.03233328191105032,0.024040276599783795,0.04348706699775891,-1.4903502111471758,0.12871032863906343,0.019162233824582344,0.01635529367358209,0.022450908707379192,-1.7175538647177624,0.06878778861450395,true,0.10531188767210765,0.047186131347764046,0.2350392661632803,-0.9775226026131761,0.3486630251125591,0.01965919605043173,0.016817819441881418,0.022980624253037783,-1.7064342463207842,0.06779606814769533,1.4107945834424807,0.2158532454334847
584,36,35,true,0.05273974370493376,0.04141676713748727,0.06715832157610675,-1.277861985043219,0.10496181873698782,0.034240782047370515,0.03014739876067079,0.038889960773167684,-1.4654563247490036,0.05529382984026877,true,0.08675351909176238,0.045597648900965376,0.16505616531130923,-1.0617128993482048,0.279344650436062,0.035164360495087234,0.030940441880210803,0.03996491885331881,-1.4538972763304896,0.05557621182500962,1.1808478285355817,0.2033649655927887
618,14,13,true,0.052920398160469374,0.03570224886536448,0.07844235672726774,-1.2763768969440177,0.1709275301074378,0.027902336594575358,0.023184729319261983,0.03357987823434126,-1.554359426560096,0.08043854354826205,true,0.030155484516400606,0.01037280083244383,0.08766708829254875,-1.520633689208989,0.4634702716789364,0.027786156715316937,0.02309481282825728,0.03343047249395752,-1.556171519172904,0.08031403396673968,0.8233907546471364,0.32344001346350804
660,79,78,true,0.049461046192590966,0.04346087594660456,0.056289594656840906,-1.305736701746173,0.0561648230492765,0.015613675762056023,0.013581171382730748,0.01795035670579969,-1.8064948435579828,0.06056792676876847,true,0.0654137007658364,0.04194001621161201,0.10202552679742802,-1.1843312800575072,0.19304012593972264,0.01583236821147603,0.013736612705221243,0.018247867109806495,-1.8004541183498743,0.06166622787800809,1.086513122924607,0.12817307851681464
684,10,9,true,0.08137156816842984,0.05490401699737513,0.12059831808856498,-1.0895273143308792,0.17086856533609981,0.01869679667663427,0.014860931151137274,0.02352276599711253,-1.728232794791343,0.09972118305655749,true,0.029855546421882657,0.010651883591621385,0.08368037863747554,-1.524974975869346,0.44759861249524885,0.018345851721657695,0.014638552990541046,0.022992045430346247,-1.736462120951941,0.09803972987227576,0.7015291438626187,0.3020751626032884
694,29,28,true,0.03302730646985486,0.026648451142582845,0.04093307212555668,-1.481126843595243,0.09320118430960594,0.01224457606664657,0.010556438013231702,0.01420267355939271,-1.912056246480731,0.06442635162425232,true,0.025561228959085237,0.013079056571194096,0.04995592933956746,-1.5924182695543891,0.2910053121990637,0.012193166884843806,0.01051359336931089,0.0141410565787743,-1.9138834820773987,0.06436534197592889,0.9215805497782916,0.19863256967614765
697,42,41,true,0.046398230807345155,0.03841815700040097,0.05603589526767784,-1.333498579041155,0.0819648939509795,0.02070613668615312,0.018079657958303488,0.023714170779914882,-1.6839009234338174,0.05890886658980887,true,0.09952831609559386,0.05655129373177177,0.17516638526094586,-1.0020533436305674,0.24550411157935323,0.02189617318068191,0.01903455154197496,0.025188006079426038,-1.6596317806729648,0.06082557012516208,1.2602515048731773,0.16503178959798312
707,20,19,true,0.06073177928319164,0.047191006690378616,0.07815787951084953,-1.21658399499217,0.10955676308736101,0.014396689091534595,0.01229916641815536,0.016851927175516417,-1.8417373741969048,0.0683869478810226,true,0.048709635087945735,0.02207767196373421,0.10746733415997041,-1.31238512396724,0.3436615998473637,0.014377728744421793,0.012284620294075647,0.016827470357212795,-1.8423097142084222,0.06832854839722673,0.9334355736079639,0.2301751997177383
716,56,55,true,0.05783813139094816,0.05032941023794412,0.06646709005690965,-1.237785746483047,0.06039241217022405,0.00869703325333796,0.0075080214173248285,0.010074343586065163,-2.060628869385663,0.0638456277981231,true,0.13084319680356798,0.08213704662813243,0.20843143079256443,-0.8832488535933047,0.20221206337681916,0.008864757432778286,0.007631078363614734,0.010297879355647683,-2.0523331435427203,0.06508094310585322,1.2454165869721885,0.12065407655253323
729,14,13,true,0.031169621792522778,0.022909667883767023,0.04240765634919193,-1.506268467354757,0.1337127392783162,0.014109619241615844,0.011792258884644372,0.016882376573551617,-1.8504847058414249,0.0779182891339027,true,0.10397302912745963,0.04540780316576922,0.23807341540999735,-0.9830793032032902,0.35979020559961405,0.014425418592321314,0.01206034134979036,0.01725429617025779,-1.8408715757668448,0.07776882420411468,1.406524702262131,0.215403364835735
770,81,80,true,0.04925601898302969,0.04391792185511316,0.05524294646865482,-1.3075406920415653,0.049817526339028244,0.00720861780951462,0.006224885006279148,0.008347812155764196,-2.142147999531071,0.06372066744809539,true,0.09344548358153028,0.060322901128334896,0.14475527931272555,-1.0294416841515937,0.19007609582274274,0.007262279687252136,0.006264826364370844,0.00841854238065089,-2.1389270294122134,0.0641639319759913,1.1884234167293777,0.11623108666620205
776,27,26,true,0.031067731446065686,0.021340011570301555,0.045229775720839464,-1.507690457605177,0.1631148918369829,0.0226233812927588,0.019180516203162228,0.02668423392239919,-1.645442484864054,0.07169722402350372,true,0.009713464023816456,0.005716229474392186,0.0165058774782671,-2.012625864000808,0.230264481054882,0.020239121398376983,0.017372097534062013,0.02357930780523667,-1.6938083446049046,0.06633939639117943,0.5837258059394373,0.17278101915504934
783,87,86,true,0.04694391892770391,0.041980377233868535,0.05249432400319002,-1.328420657864104,0.04853300532040029,0.008215166036800123,0.007103628489528017,0.009500630996072597,-2.085383654610248,0.0631361050582476,true,0.09256313112639702,0.061294738484902384,0.13978252384636497,-1.0335619629595407,0.17901484058149414,0.0083490630603064,0.007202944028615585,0.009677550416613554,-2.0783622587163664,0.06412770123384111,1.2013101218666258,0.10929906532895253
785,174,173,true,0.04509079177400654,0.041741734783636616,0.048708553042789496,-1.3459121386108635,0.033517367035726914,0.004675183063314142,0.004027310744160951,0.005427278415798819,-2.3302013790522937,0.06478348022337378,true,0.0452777590260698,0.03461840422157139,0.05921923637212035,-1.3441150762256235,0.11657787911827265,0.004675493767854292,0.004027277068698401,0.005428045202837127,-2.3301725175549337,0.06481597320825402,1.0012198353309536,0.07577835152380842
798,25,24,true,0.11108995409588007,0.08370067152316094,0.1474418027531578,-0.9543252126881827,0.1229458449979676,0.033828760369725104,0.029046052633224632,0.039398986244460185,-1.4707139163252871,0.06619896368129155,true,0.0400079515982976,0.020954795395140377,0.07638519779882588,-1.397853683870431,0.2808628914366952,0.03278177373825768,0.028243243805780995,0.03804961982470143,-1.4843675515618246,0.06471787340799162,0.6738552458046265,0.20450420289879198
802,15,14,true,0.032287742587573186,0.022599580561892554,0.04612910042937918,-1.4909623178206044,0.15493730326854124,0.025143286665173157,0.0213790238680938,0.029570333436530344,-1.5995779530918763,0.07043417477148589,true,0.08136902644134159,0.037268376343046986,0.17765513590041293,-1.0895408801907271,0.3391186473831865,0.027132938036178788,0.023200553716587146,0.031731842932213164,-1.5665031769787467,0.06799847290670483,1.4125707224661277,0.26472775502918144
866,28,27,true,0.047401634822623905,0.03703634070824403,0.060667845172869474,-1.3242066797984695,0.10716524955458895,0.027521811226822665,0.0240971031252278,0.03143324279555706,-1.560322988316959,0.05771217542964284,true,0.10829280888798187,0.04920510076413836,0.23833570655739972,-0.9654003814537035,0.34258949303715613,0.028215361501578568,0.024767305714887604,0.03214344886073834,-1.54951438107939,0.05660685403034982,1.2796560777578612,0.23261442795815374
867,133,132,true,0.037271609776551515,0.032813000912765365,0.04233605146413462,-1.4286218494791727,0.05533219991968858,0.026202322320913487,0.02368562933614084,0.02898642401540277,-1.581660215303857,0.04385485611001724,true,0.0689391816963986,0.04695281911214249,0.1012209887039559,-1.1615338759447202,0.16680445102947491,0.028686027134351533,0.025957763171277175,0.031701042471305695,-1.5423295951176117,0.04340313910481065,1.2336406825382105,0.12661526091777822
887,31,30,true,0.06685825485932476,0.051787747295621814,0.08631435959780245,-1.17484496359234,0.11092801626365538,0.03179642530392499,0.027723484146160646,0.036467734602834694,-1.497621702595581,0.05953048811813025,true,0.08062477466327807,0.040619812328793616,0.16002915613907318,-1.0935314861567584,0.29773060129236656,0.03230594868197148,0.027891877154539522,0.03741857582619936,-1.4907175011399605,0.06380475510584421,1.0685439663424678,0.23004553646834808
980,30,29,true,0.03944024362698862,0.03243721945411581,0.047955183691271726,-1.404060411034832,0.0848959699208061,0.00909541995802676,0.00784438419191453,0.01054597304121599,-2.041177243687579,0.06426390049280072,true,0.06689249455167837,0.03656889521409276,0.12236097921880656,-1.174622608056516,0.2622655519136375,0.009169859144605537,0.00789851572315566,0.010645837734473881,-2.037637335343107,0.06481717764577781,1.160624074571988,0.1632244460649468
991,16,15,true,0.10051859895936362,0.07744015209353307,0.13047480491192304,-0.9977535732873576,0.1132802294510798,0.006680957406243023,0.005598924599929031,0.00797210090391274,-2.1751612970372864,0.07673408402198006,true,0.11439464694924593,0.05124836044105847,0.2553473933218447,-0.9415942977003112,0.348725726480015,0.0066829188933582515,0.005600276408099796,0.007974857253583049,-2.1750338096200896,0.07675672773977615,1.0384092784425907,0.222771276805852
1002,11,10,true,0.04551031061804451,0.03279644154202654,0.06315283839244572,-1.3418902003265591,0.1422830749403876,0.00830802282556059,0.006722540286523526,0.010267434679179921,-2.080502318949481,0.09196426752781785,true,0.08738224337641483,0.034799916063151526,0.21941594467177855,-1.0585768097810486,0.39984499378254507,0.008353628017904421,0.006751463268327456,0.010335996551871214,-2.078124867515748,0.09247722328444714,1.2021736472539595,0.2471002811259786
1014,11,10,true,0.028597594990363698,0.017954236664415445,0.04555038760593844,-1.5436704887706891,0.20216256567584262,0.02039765201553273,0.016506641744301873,0.025205866474347687,-1.6904198215635884,0.09192145285808817,true,0.026876256797866527,0.00995713287253728,0.07254429449838219,-1.5706312179557365,0.43123447945303545,0.020341523098556035,0.01641241873174927,0.025211248185415217,-1.691616531819699,0.09321087954370805,0.9786719781584629,0.3031804162364652
1021,163,162,true,0.04776172872945144,0.04359993502582614,0.05232078281480153,-1.3209199623628967,0.03959419556911804,0.01236738920563631,0.010632048245035731,0.014385968934547052,-1.9077219716123606,0.06566108975081386,true,0.04030176452391963,0.0318808577785553,0.05094694236345198,-1.3946759388160777,0.10179406328162789,0.012086094724117008,0.010391663830795869,0.01405681400580311,-1.9177140063145925,0.06560090477284132,0.9470859407281332,0.06868399389203297
1048,13,12,true,0.044479350880946025,0.02621435008290064,0.07547059715513653,-1.3518415593504656,0.22961934567623,0.03454491000683857,0.028696617585832015,0.04158506847753905,-1.4616159343618889,0.0805533553284119,true,0.04212301968489609,0.01795107500769967,0.09884359497206047,-1.3754805029784831,0.3704290354201404,0.03426808468334022,0.02774103526535756,0.04233085090847423,-1.4651101685407155,0.09176716702041363,0.9737771540895381,0.3243743775446531
1056,15,14,true,0.17231949737975813,0.11250129132378478,0.2639437185814295,-0.7636655807911951,0.18517691176964163,0.040302051926462745,0.032832180083003544,0.04947144494751777,-1.394672841758294,0.08902743705413343,true,0.038445358168228055,0.019104312589643395,0.0773671158147088,-1.4151560887265082,0.3037124957288132,0.03711879181776028,0.03080454124970183,0.04472732428773189,-1.43040616810563,0.0809790863580782,0.5242770302825899,0.21293097440357792
1082,160,159,true,0.05017659067248275,0.046303184492073476,0.05437401939265927,-1.299498850841839,0.03489028859860812,0.004739866047850559,0.0040848282721573865,0.005499944833592962,-2.324233931638439,0.0645922650260794,true,0.07680307879437803,0.058755099775366984,0.1003949092903842,-1.1146213701168108,0.11633306177892684,0.004784342869688721,0.004117152382242192,0.005559652538844213,-2.320177704212369,0.06522535457537204,1.1256732554262163,0.07178320239814817
1083,83,82,true,0.037477872005500006,0.03341132174019352,0.042039369198942245,-1.4262250763356399,0.04988126714869791,0.007323731565935914,0.006323055597557055,0.008482772802220663,-2.1352675821160036,0.06380541737615786,true,0.06192410071413477,0.04203350763601058,0.09122708203321976,-1.2081402916896393,0.1682640755401937,0.007437768580544567,0.006405737149272973,0.008636071098236463,-2.128557338447607,0.06487354754341135,1.1501918617418232,0.10454383681225271
1090,25,24,true,0.052492259705460446,0.04134237060259933,0.06664923391723124,-1.27990473116616,0.10369989305660471,0.018166872144962192,0.015691547680215644,0.021032676333611187,-1.7407198402823651,0.06361437892044948,true,0.05531336808274986,0.02704300397091785,0.1131371607957475,-1.257169896128228,0.31077517194492543,0.01818813963470243,0.015694919843556518,0.021077420379897342,-1.7402117202714178,0.06402917769761715,1.0164165211176202,0.21069237249567574
1103,84,83,true,0.06802076893714422,0.06057150127422696,0.07638617021977409,-1.1673584629168055,0.05037319922916093,0.012097846748311105,0.010475974737409294,0.013970814135603369,-1.9172919212986947,0.0625136362387721,true,0.1564105776207036,0.10085799579887994,0.24256152026286681,-0.8057338801318832,0.1905557860483259,0.01250621751070878,0.010777918198328133,0.014511659259894968,-1.9028740222506557,0.06459109466205225,1.2492395040561326,0.11569554912212773
1135,12,11,true,0.050577781655917746,0.03162725465786905,0.08088315046330509,-1.296040222752019,0.2038982817813249,0.030119641695920647,0.02460259547272345,0.03687386629172656,-1.5211501988196128,0.08786887537691945,true,0.024004556170748825,0.006544694970578963,0.08804363221585887,-1.619706319454308,0.5644042704047401,0.030010693472901886,0.02449068934652499,0.0367748620702777,-1.5227239689878447,0.08827502150285443,0.7660441705742332,0.3933770137777798
1182,155,154,true,0.047379565733421676,0.04355401612761867,0.051541130960461035,-1.324408924205127,0.0365628681929776,0.008437870706249408,0.007306749773369551,0.009744094743037664,-2.073767133610766,0.0625086316190266,true,0.08182201189698605,0.06191012790024877,0.10813806816321607,-1.0871298459691916,0.12110845280719586,0.008707801382428776,0.007504859695988142,0.010103560624372836,-2.0600914854071175,0.06456593711122295,1.1641676799428482,0.0747341006844447
1183,40,39,true,0.046648533416109854,0.03809973835081698,0.05711550168236931,-1.3311620054931048,0.08791600132961076,0.022336018723810636,0.019475502370611766,0.02561668104558105,-1.6509942349969295,0.05951709588719201,true,0.08235682043798857,0.048575655762366984,0.13963055703943394,-1.0843004286019875,0.22928089919145056,0.023427964699469808,0.02029513511815835,0.027044389050089247,-1.6302654390250326,0.06234261392598732,1.2004786300419759,0.1582814166321549
1224,21,20,true,0.046545228116841655,0.034710323647544346,0.06241538634002617,-1.3321248368900103,0.12741649995176443,0.020220693629868638,0.017306829073219194,0.02362515103969627,-1.6942039508984466,0.06757854460871883,true,0.02348170505819736,0.011220999239431526,0.04913915959485492,-1.6292703712029062,0.32069809586552506,0.01987155704462307,0.01703116246033241,0.023185662182333606,-1.7017681022211062,0.06698760607711719,0.7835727308297097,0.2279276612291271
1262,77,76,true,0.05645305729621434,0.04818656312624592,0.06613768385473033,-1.2483125332621094,0.06876151508982611,0.024280507728907195,0.021169656143433014,0.027848494636810755,-1.6147422359840449,0.059543960140256695,true,0.06683966537681287,0.04540609854354284,0.09839076712129548,-1.1749657330061665,0.1679200796447787,0.024934380179935746,0.021479195947055812,0.028945371907312632,-1.603201423025299,0.06478055703715657,1.060377928937132,0.1237632500969568
1310,10,9,true,0.0402240493877864,0.024744615654094842,0.06538691777511324,-1.3955142107595015,0.21100507672282753,0.029428692706149544,0.023979140787588112,0.03611672169843784,-1.5312290298852926,0.08893735256515922,true,0.0670062717789704,0.025125383546342625,0.17869738981042574,-1.1738845454854279,0.42600275440289176,0.030446154847414173,0.024640091723937968,0.037620328502761514,-1.5164675481541354,0.09189013166816926,1.2088195769265078,0.33209156842531484
1334,148,147,true,0.0458739072741543,0.04216089119907497,0.04991392043069238,-1.338434267599954,0.03665594995955361,0.006309062846446236,0.005452576021583034,0.007300086022248983,-2.2000351464363264,0.06336312419622601,true,0.07760166341371937,0.05657659586776861,0.10644009368557474,-1.1101289694163368,0.13723421754963602,0.006387070348598741,0.005510123472734241,0.007403585026690165,-2.1946983004006513,0.06414036881900895,1.1547266238076284,0.0848223784751165
1344,11,10,true,0.05989284177865306,0.04327804403903201,0.08288619728487626,-1.2226250801449094,0.14110729535017183,0.007394894819477886,0.005972560522103517,0.009155950649434554,-2.131067998765833,0.09277144192779513,true,0.022814387228518133,0.0067775035253285175,0.07679763834391247,-1.6417911914474066,0.5271390564010919,0.007384604640522103,0.005965902174197677,0.00914067715234609,-2.131672751135494,0.09265112111812378,0.7174370875326145,0.35821743880558354
1347,146,145,true,0.046331235266238925,0.04192941841263355,0.05119516183531907,-1.3341261206438204,0.04335504084804902,0.016877715289619892,0.014844404312530285,0.01918953885923322,-1.7726863435081481,0.0557508819071575,true,0.07232157236843392,0.05265181895298862,0.09933958472569991,-1.1407321402828168,0.13785448044258541,0.017985423978844294,0.01567508492092265,0.02063628218479517,-1.7450793198970578,0.05971077777159465,1.14532802876563,0.09426474708197768
1407,13,12,true,0.049951570680904625,0.0372368226710748,0.06700784960977957,-1.301450851235296,0.1275765321828252,0.005589116026098615,0.004593410857358727,0.006800658361127917,-2.2526568746440057,0.08520783275680822,true,0.03219857895248802,0.012816584200182201,0.08089116962574673,-1.4921632949722263,0.4000644100069456,0.005583150088771595,0.004589395683422448,0.0067920848547329245,-2.253120697091509,0.08512380008006626,0.8713226541597614,0.26453520999986346
1413,18,17,true,0.0373528038752347,0.02837010686246824,0.04917965110619825,-1.4276767924606883,0.11946223587131008,0.013600758888997701,0.011536784887298115,0.01603398556562425,-1.866436858386474,0.07147834668036455,true,0.022734863850067875,0.009437222422604401,0.0547697204892709,-1.643307642265615,0.38184816683002154,0.013583573954434625,0.0115242093936848,0.016010944878935212,-1.8669859484296092,0.07140291080480618,0.8505554038457692,0.26068312339711514
1436,17,16,true,0.07450072284182191,0.056746687591067754,0.09780936896178627,-1.1278395134974573,0.1182199704683248,0.016384229735669584,0.013841798122781381,0.01939364970143477,-1.7855739710903655,0.07323351797407887,true,0.19474997620072254,0.08994744144983878,0.4216635028060599,-0.710522586728032,0.3354885988980136,0.01690808408669367,0.014200544805262215,0.02013185489733925,-1.771905601019488,0.07578939252841795,1.3130398459329744,0.20808626378027018
1455,18,17,true,0.0449726387530122,0.03198913945359083,0.06322577821585948,-1.3470516296157093,0.14794581318807912,0.03284429974396342,0.02826127376469421,0.03817053805334692,-1.4835399930616984,0.06526827488537405,true,0.06940295896581657,0.029924269347432596,0.16096535749248234,-1.1586220131887783,0.3653544316509726,0.03306410921632919,0.028451840226094722,0.03842406359595257,-1.4806431731760588,0.06524646561157674,1.150209255537368,0.2524681662361388
1473,143,142,true,0.03799339986622457,0.03485021321903559,0.04142007465843501,-1.4202918415578403,0.037502718918681566,0.006332386828026858,0.005475796918012224,0.007322974818124643,-2.1984325631485695,0.0631201038580938,true,0.06703779531287397,0.049051739034445055,0.0916188923955371,-1.1736802768837087,0.1356653140573036,0.006463005949102301,0.005571899442658844,0.0074966259402196546,-2.189565444315434,0.06443128567356765,1.1680855821052947,0.08354701018633028
1493,31,30,true,0.043056176682048315,0.03495000770765519,0.053042458988348404,-1.3659645374388956,0.09058818670281625,0.0144976040264101,0.012509164796345871,0.016802122757866255,-1.8387037663228891,0.06406791970287946,true,0.05949850134172265,0.03256022683228373,0.10872380220646874,-1.2254939732162742,0.2618186050239947,0.014637774368675421,0.012603340151043491,0.017000607450121955,-1.8345249514799558,0.06498939094780583,1.1014146815521653,0.17069727113350483
1501,45,44,true,0.039655274019170156,0.033949441590076186,0.046320077264397276,-1.4016990447876543,0.06746831993435269,0.007222338062743835,0.006231997124985737,0.008370056347334684,-2.141322187004735,0.06405056868427396,true,0.08279876875263274,0.04639451060201171,0.14776826003752877,-1.0819761212817045,0.2515572808420365,0.007247412264524549,0.00625072330670269,0.008403025050822195,-2.1398170334084234,0.0642526916580248,1.217302226613037,0.15234358546551466
1515,117,116,true,0.06706543438201527,0.061006397123175606,0.07372624349159847,-1.1735012581470192,0.04112336438930493,0.006214725952639745,0.005345504044334128,0.007225290327364274,-2.2065780174455734,0.06543332009062758,true,0.04679183303611202,0.035167216427480545,0.06225899747835808,-1.3298299413033208,0.1240320645061864,0.00617863532272356,0.00531871174247902,0.007177590420309914,-2.2091074370888104,0.06508610935373826,0.8937196685400218,0.08254472035126814
1524,141,140,true,0.044654839855306584,0.04099677280062017,0.048639309542748026,-1.350131463795777,0.037118865095347654,0.004218318735184815,0.003634684872949331,0.004895668695804232,-2.3748606081664363,0.06467262832263934,true,0.05884464314877879,0.0436514103501596,0.07932600572422187,-1.2302930664962535,0.1297086534484834,0.004233353786680558,0.003645600796097655,0.00491586580252726,-2.37331543547527,0.06491545411251087,1.0811580988143892,0.08176002397174441
1561,11,10,true,0.06186174582637735,0.043833624336876244,0.08730456708933035,-1.208577827752446,0.149614790928967,0.01342445386009788,0.010846823378935541,0.016614630398783393,-1.8721033734399835,0.0925940580523515,true,0.0701472069223863,0.027812548889521994,0.17692124006893387,-1.1539896167574235,0.4017695915043214,0.013451840772586049,0.01085968655066881,0.016662729566523652,-1.8712182820053733,0.09296442785040446,1.0387059481476646,0.26105375919491497
1568,95,94,true,0.03776980863680163,0.032672990878145076,0.04366170363102076,-1.4228552155482128,0.06295589293866564,0.02429396265681487,0.02159690034036793,0.027327839285693562,-1.6145016404181949,0.051106935360153254,true,0.046957951714005124,0.030778367123155594,0.07164282693593269,-1.328290855088929,0.18346356931859933,0.024653071200311773,0.021869100224210666,0.027791446075810303,-1.6081289700068653,0.05204011507159073,1.0735060420446396,0.13091348728430038
1570,12,11,true,0.036523736132920835,0.022517994746073165,0.059240767934713896,-1.4374248034565027,0.2100454830768937,0.03596948888797985,0.030021315314477773,0.04309618407154098,-1.4440657332881623,0.07850455077974125,true,0.047218811802138154,0.016882846121207665,0.13206399987292264,-1.325884945556049,0.4466693923354752,0.03616841945407624,0.030183345807430317,0.043340276924633346,-1.4416704693243922,0.07856215126102828,1.094057800136711,0.3233376893855974
1572,12,11,true,0.03358162978909301,0.020884956895400684,0.05399704030703786,-1.4738982304363932,0.20626818630476731,0.02818963743063555,0.02330964993584678,0.03409127381396777,-1.5499105098994832,0.0825537387623359,true,0.032210429080461955,0.011507371044412308,0.0901606229210154,-1.4920034898330332,0.44702039342814986,0.028146042524189417,0.02319827016349047,0.03414908543569968,-1.5505826605188795,0.08396173762727725,0.985196812119912,0.3261379080411879
1588,60,59,true,0.049098535450842536,0.04284259796180617,0.05626797388820189,-1.3089314621561292,0.05919273940331896,0.009475349516400753,0.008185614937580245,0.010968296107573387,-2.0234047612813084,0.06354392772991481,true,0.08718633712938358,0.055308402780864435,0.13743765865299004,-1.0595515675241272,0.1976573155628962,0.009596628345742878,0.008275543395379104,0.011128607658288618,-2.017881324047795,0.06432215557496654,1.1726142293604933,0.12204783613254634
1597,14,13,true,0.03688083103140896,0.02627007992998507,0.0517773718691579,-1.4331993016018958,0.1473393042150546,0.017066411526837705,0.014179299859094307,0.020541381118798274,-1.7678577863208682,0.08048742675583873,true,0.041315977404737636,0.015713738119757556,0.10863169386554139,-1.383881968758604,0.4198385201881474,0.01710927750151301,0.014196106045996021,0.02062025851845073,-1.766768329660019,0.08106243543937068,1.036113689456453,0.2855375157779815
1598,63,62,true,0.043185785749367406,0.03697262078061543,0.050443058982934795,-1.364659174167198,0.06746058948153294,0.017169181904998387,0.014894564842868102,0.0197911661332001,-1.7652503980603675,0.06172178247865456,true,0.044134497308474935,0.028378902318742672,0.06863739234146955,-1.3552218156586917,0.19178259118082558,0.01719548765014253,0.014870318934903759,0.019884226883134955,-1.7645855034265583,0.06309421331151435,1.0069839996115484,0.1325734360820441
1604,53,52,true,0.03983560750046496,0.031817381377594184,0.0498744886041621,-1.3997285553758354,0.09760701098734961,0.03830941255117932,0.03425469252938268,0.04284408884293973,-1.4166945075767579,0.04858541878391753,true,0.06164303484800594,0.03373660103161608,0.11263327155309603,-1.210115987972808,0.2617826868141607,0.03903465706550954,0.03494669883493504,0.043600812180254855,-1.408549631726758,0.04804421095217341,1.1623577032783512,0.19647090522107563
1621,65,64,true,0.043922319212145226,0.03829036520705215,0.05038265147228931,-1.3573147360797169,0.05959575532524309,0.011649750056547448,0.010056950353284102,0.0134948141944152,-1.9336833922539856,0.0638503015321669,true,0.0420414258591745,0.02732156945229165,0.06469179932576004,-1.3763225630464986,0.18717179374149712,0.011634062847884109,0.01003950606560326,0.013481880230368106,-1.9342685944472653,0.06401905910426782,0.9867108095219086,0.12461450355216631
1636,56,55,true,0.039773822673382524,0.031636857766844585,0.05000360597478705,-1.4004026668421794,0.09940399114785967,0.035902221030957214,0.03198354739866267,0.04030101660985866,-1.4448786836876382,0.0501946852253534,true,0.04810480711307083,0.027219088162942755,0.08501653154333907,-1.3178115224127582,0.24731490530314984,0.036427193145346745,0.03230772834450965,0.04107191896312623,-1.4385742915209325,0.05211928596522162,1.0735161226216716,0.19719418739199465
1654,135,134,true,0.048838628139116054,0.0446950616510453,0.05336633423023983,-1.3112365437439353,0.038503915589004976,0.006404325703635834,0.005520077577907311,0.007430219437930392,-2.1935265893550433,0.06452822939758475,true,0.058988508141354735,0.04422035635152094,0.07868873930101183,-1.2292325872885626,0.1251451746750836,0.0064374853818801895,0.005543580291636058,0.007475533114302693,-2.191283744137312,0.06492591375505116,1.0559864535752668,0.07961682415399939
1661,84,83,true,0.035678280322586346,0.030885725496453197,0.04121449848808738,-1.4475960865943995,0.06264610616460016,0.020325309578621883,0.017945637076635643,0.02302053739873511,-1.6919628308623915,0.054078288582796424,true,0.061102364329309024,0.03952646859221514,0.09445566628147854,-1.213941984596955,0.18917000043835766,0.021697234778380873,0.019023560731051187,0.024746681427508292,-1.663595611635955,0.057112579174114254,1.18820658892729,0.13604675422011275
1671,36,35,true,0.047811895810297975,0.03961273870726934,0.05770813772477915,-1.3204640355632018,0.08170109516207615,0.011779546804719723,0.010115064456131211,0.013717927703414201,-1.9288714178677233,0.06615992756594531,true,0.02059823957442654,0.012303144445160145,0.034486100318230385,-1.6861698949600799,0.22381398216520093,0.011548940469996652,0.009941305643679574,0.013416550175612475,-1.9374578572558896,0.06509871643452529,0.7456483092856665,0.15654823175141303
1678,65,64,true,0.03914552826592752,0.03258657605543246,0.0470246515194428,-1.4073178417887102,0.07964342764336904,0.027124245431001056,0.02399795550925543,0.030657807075166483,-1.5666423346074,0.05318342155058148,true,0.06071893232329646,0.03776131664053428,0.09763400936405728,-1.2166758736438257,0.20627699772829428,0.028386712671757,0.02497417667612122,0.0322655463985466,-1.546884898110939,0.0556239221446438,1.1630813029714875,0.15345080174347214
1709,33,32,true,0.042792708345944376,0.03231666595929773,0.05666475279001372,-1.3686302261948113,0.1219432246162566,0.042933477063335564,0.038232226820702986,0.04821281955122247,-1.3672039377896026,0.05036646814693029,true,0.08083987254415162,0.039400834614093036,0.16586158788162286,-1.09237437988478,0.3121201986841617,0.04403679689895842,0.03939567153567301,0.04922468396976355,-1.3561842777951514,0.04836721437517234,1.252201803553034,0.2373857550687941
1710,133,132,true,0.04501993713285658,0.0411141043711381,0.0492968233273533,-1.3465951157964615,0.03941405016798786,0.007976890568855107,0.006894250487580725,0.009229543263928948,-2.098166365786098,0.06334657571089806,true,0.06011124504908187,0.04451300514319305,0.08117541760496769,-1.2210442766504792,0.13046880817169765,0.00805329191094692,0.006949685115261653,0.009332150957530295,-2.094026558573562,0.06400831393018466,1.0861876114077549,0.08265910851906076
1731,13,12,true,0.05698809354005634,0.036316609303826276,0.08942582657318847,-1.2442158715203362,0.1956788345936846,0.034300893789909206,0.028448474343821535,0.04135727282128071,-1.4646945632526174,0.08124645606290228,true,0.04797582543212852,0.01856581296001911,0.12397409318141168,-1.3189775444187601,0.41230848471121345,0.03405105622809018,0.028157477532711982,0.04117820670908957,-1.4678694121824232,0.08253684156241706,0.9394189973472094,0.2993632678412814
1750,42,41,true,0.05893703300644155,0.04986798972110797,0.06965538171938974,-1.2296117310813368,0.07256640763085782,0.01211540663951335,0.010452088032682518,0.01404342152322003,-1.916662004693373,0.06413493639186331,true,0.08609010877909248,0.05182281250854728,0.14301629863052254,-1.0650467434293278,0.22043227741147675,0.012245683641838917,0.010544356263386317,0.014221519465982334,-1.9120169644314278,0.0649629645127834,1.115755752136086,0.1400579891706131
1762,12,11,true,0.0012437884261615457,0.00014140818494960577,0.010940029034420666,-2.905253488749028,0.944271963348995,0.03931470234848576,0.03471405585089278,0.04452507155571338,-1.4054450080277197,0.05404963411306263,true,0.0012431992893516767,0.00014197092755310659,0.010886344829059287,-2.905459246798255,0.9423413334379374,0.039296038097837466,0.0345979987125323,0.044632021147146636,-1.4056512338226097,0.055297787998513696,0.9906881980951703,0.5299847423712237
1769,72,71,true,0.03692453285614317,0.03112413790909704,0.04380590815483737,-1.4326849903770853,0.07421767864385047,0.028607720521355667,0.02557735264556285,0.03199712201528293,-1.543516745635362,0.0486276630461801,true,0.07120001934175699,0.0428756124849845,0.1182360428330194,-1.147519888385374,0.2202697745533245,0.030208179030836852,0.027007724737275557,0.03378789176933623,-1.5198754534984797,0.04863654786266444,1.2412156847187295,0.16178325242294445
1789,129,128,true,0.050260702837623454,0.04512745899462664,0.055977852642504856,-1.2987714425964605,0.04678767714464693,0.019386802070180495,0.01711307389032559,0.021962629093819908,-1.7124938236090421,0.05417815085315006,true,0.07157063481185844,0.0497419834796624,0.10297851852784959,-1.1452651306962924,0.15801177037426306,0.019987511903636176,0.01758124593497335,0.022723112660820846,-1.6992412645999568,0.0557090863056321,1.1130196874657354,0.10753443328066423
1815,30,29,true,0.05976287277364943,0.049579849749868614,0.07203734945100097,-1.223568534356032,0.08112625932555434,0.0036969790474231166,0.003182051106678156,0.004295233991811537,-2.4321530107778013,0.06513983868534051,true,0.04120358363980055,0.02101572032388806,0.08078406443353098,-1.3850650100030948,0.29239070974878933,0.003695541371611896,0.0031809909961339378,0.004293324327510953,-2.4323219314284206,0.06511562874270696,0.8903635067314601,0.1963964605523759
1820,12,11,true,0.05617170808917615,0.03464905298458152,0.09106340629452923,-1.250482369742782,0.2098262611273145,0.03093442994472439,0.025209974620969945,0.03795874333047,-1.5095578826871894,0.08886970884295949,true,0.034048333387426334,0.013416011827856171,0.08641085155085021,-1.4679041412653921,0.4044724262526782,0.030131473087068743,0.02455211467719899,0.03697871577798958,-1.5209796357363101,0.08893146034699365,0.8275420698822986,0.29020899656595034
1829,21,20,true,0.05218772790366971,0.038659201715853984,0.07045047033732581,-1.2824316106053277,0.13031550747190085,0.02798398555231485,0.02419069167873378,0.03237209823481808,-1.5530904320846508,0.06326128169638924,true,0.07945423194428243,0.03785805139731011,0.16675382754391793,-1.0998829661582665,0.3219587773353105,0.0283738973117358,0.02446314837352218,0.032909829771882865,-1.5470810073577212,0.06440664324300542,1.1449336138659638,0.22010042804777474
1854,126,125,true,0.049190099882875225,0.04404608921483794,0.054934864130278364,-1.3081222955838379,0.04797035030178827,0.02033957806689128,0.018015103730303288,0.022963977456498398,-1.6916580605146248,0.05270517236796865,true,0.08951389024429574,0.06220952370657347,0.12880240949057684,-1.04810956816582,0.15803355555819995,0.021912421410100885,0.019291194114664414,0.02488981289597066,-1.6593096285123288,0.055331260414096035,1.1992085833713706,0.10871798745826784
1859,48,47,true,0.03783383278343088,0.029526212405469758,0.04847892047337035,-1.4221196599661254,0.10767260038016693,0.037407839043063155,0.03334568324920614,0.04196484478706953,-1.427037379178965,0.04992300033132097,true,0.05953624967666526,0.03469434923536694,0.10216548526435376,-1.225218526021637,0.23452272817136552,0.03912322488563946,0.03480821055014276,0.04397315177255045,-1.407565353978672,0.05075294874032696,1.1971503463445263,0.1889190169291837
1867,16,15,true,0.019891008480950784,0.011055118828627492,0.03578905161694916,-1.7013431974382072,0.2550933875023417,0.027297401095631404,0.022925156146734935,0.032503512813887844,-1.563878698876979,0.0758089987249358,true,0.009142049750810264,0.003918955385327718,0.021326365173534888,-2.0389564196203502,0.3678732610240971,0.025835485735981305,0.021637971525459,0.030847268766795118,-1.5877833688203413,0.07700008623272331,0.6966961381733647,0.28154444708690074
1910,124,123,true,0.03342123957435816,0.03028888571340278,0.036877528782525745,-1.475977446413897,0.042739257058194494,0.009729004014665778,0.00843835414776314,0.011217059329333057,-2.011931617396055,0.061810634348818894,true,0.04304796891211511,0.03102415445651777,0.05973176900133409,-1.366047334595221,0.1422527114909848,0.009886530232226241,0.008548691421148476,0.011433735903827031,-2.0049561012639945,0.0631442579339904,1.0770353786959996,0.0926224463098457
1921,12,11,true,0.11022066303765767,0.07812522933404713,0.1555015539028504,-0.9577369807835119,0.1494717140052845,0.021965063286118018,0.017897304946997452,0.026957355120895476,-1.6582675411001293,0.08894482092380213,true,0.12676753962420245,0.04552380389215744,0.3530023356669055,-0.8969919386217636,0.4447695175616905,0.02201512843423529,0.017919218447208122,0.027047266676487654,-1.6572787765629848,0.08940215959900945,1.0434889403436958,0.296482342504191
1938,21,20,true,0.07490430647691439,0.05775921523428604,0.09713870082945686,-1.1254932126690873,0.1128855034226275,0.025049036098996374,0.021639545381648705,0.02899572049332111,-1.6012089813712336,0.06354288605353609,true,0.1424083610253319,0.06422244838359349,0.31577963469704956,-0.8464645118187737,0.34584862981565606,0.025243473017825306,0.02180103661207304,0.029229478457404433,-1.5978508947244607,0.06367196101956166,1.2041957877646392,0.22313028029962498
1946,90,89,true,0.039849146702234786,0.03544624849780052,0.04479894375831518,-1.3995809738030884,0.05084874839625619,0.011307946319200615,0.009783833870502103,0.013069482950180195,-1.946616261849505,0.06287466837990655,true,0.047580430454836,0.032924170493187285,0.06876095368100266,-1.3225716332673454,0.15991352477748397,0.011425220923258357,0.009859765695543289,0.013239226689155906,-1.9421353934616659,0.06399801191575226,1.0543689142287966,0.1050329207114419
1971,18,17,true,0.027293473876443403,0.02061022183947943,0.03614389607476995,-1.5639411843977327,0.12197614924065335,0.012576725535892314,0.010678519505045864,0.014812355320456612,-1.900432416665233,0.07105653807279963,true,0.02372534580121897,0.010246037771696614,0.05493753253011978,-1.624787448933682,0.3646565985100698,0.012547177800759587,0.010650024133559869,0.014782283006080962,-1.901453947759776,0.07119546032837763,0.9566473357747091,0.24761136029602174
2007,120,119,true,0.045742058003912206,0.04053975439720129,0.05161195230570306,-1.3396842997284775,0.05243458700144226,0.020775396849497602,0.01831164924506559,0.02357063028445797,-1.6824506716160128,0.05482186743699785,true,0.05684068926372627,0.04041459717199977,0.07994299540399499,-1.245340664354386,0.14812108127139376,0.02138743914155891,0.018719185118924134,0.024436029139508618,-1.6698412132438412,0.05787184759218504,1.0735053058877515,0.10556673003620085
2014,120,119,true,0.03845320988453302,0.03491667151207347,0.04234794688012175,-1.4150674015854363,0.04189976122859113,0.007594747737886735,0.006543898563317079,0.00881434708133645,-2.1194866467996456,0.06467679446451574,true,0.037390626567953514,0.027881044916244976,0.0501437072872964,-1.4272372571585705,0.1274536967707146,0.007586129554733732,0.006534596268196855,0.008806873333749916,-2.1199797447566766,0.06480149483566541,0.9916119594936623,0.08321238621571894
2020,14,13,true,0.019945078588383597,0.008745284810405818,0.04548807369011666,-1.7001642481265609,0.35806179402518584,0.03447986645280629,0.028446683784950945,0.04179261103300539,-1.46243442495062,0.08353392990144981,true,0.009153122707997141,0.0030604507040328834,0.02737494029792833,-2.038430715388523,0.4757838960838738,0.03309777867635202,0.027342663587008983,0.0400642369688247,-1.4802011524772973,0.08295802841034709,0.6900737328091351,0.3474961905311245
2024,119,118,true,0.05170732176991731,0.04681933827815053,0.057105615391952094,-1.286447956342582,0.04312677236128545,0.012236080876765119,0.010652207277807987,0.014055460180037614,-1.9123576611237167,0.06020273023326303,true,0.0977626745751925,0.06846763030651734,0.13959210355766064,-1.0098269255818952,0.15468777740535988,0.01264383765168644,0.010962353027795073,0.014583240491969329,-1.8981210891872016,0.06197512698332804,1.1926841313253578,0.09644678520744498
2026,84,83,true,0.041661619426421,0.03597403745548349,0.048248421806415004,-1.3802638526242499,0.06374696487453081,0.026100765064113414,0.023304723788743226,0.02923226823486766,-1.5833467624604518,0.0492092775670401,true,0.09728974317585688,0.06111162548111856,0.15488532750857112,-1.0119329430505284,0.20194322146902166,0.02807248484321963,0.025114955145928722,0.03137829236380483,-1.551719143976302,0.048348449155963265,1.2999647754127155,0.138945518233673
2031,20,19,true,0.056478760483079,0.04227460897772607,0.07545546754520417,-1.2481148431401419,0.1258055576119886,0.030354538006935446,0.02629411848025952,0.0350419801411572,-1.517776372659768,0.06236501182476677,true,0.16397381973629954,0.068837513048598,0.3905924599561063,-0.7852254864137732,0.3769493417735383,0.030660903668623896,0.026660244390434608,0.03526190533024252,-1.5134150493344383,0.060720824457537126,1.3563831863670324,0.24092588907881393
2067,23,22,true,0.014816974056540083,0.008170166745887764,0.026871265547019955,-1.8292404795366435,0.25852860027366453,0.045812503408985954,0.04095678740151875,0.051243898795649265,-1.3390159756982076,0.04865814050664835,true,0.014023473690224787,0.006495649704795686,0.03027531090465606,-1.8531443959530767,0.3342330076685208,0.04551450060920186,0.03999931441006435,0.05179013181245433,-1.341850218040068,0.05609723439390939,0.9593535979896848,0.37404547605621996
2084,24,23,true,0.046383059941474056,0.036507234492211944,0.058930463494662376,-1.3336406038683386,0.10398046075141709,0.018367583828631105,0.015931665807223043,0.021175948565832717,-1.7359479693831998,0.061790842821837465,true,0.09556630001730919,0.04685550809714777,0.1949166292266564,-1.0196952279827858,0.30954412032409306,0.01876013620247014,0.01623952588302483,0.02167198185897264,-1.7267640128777177,0.06266264136686735,1.2348802772751133,0.20033472588549353
2089,96,95,true,0.04457724223911129,0.03927199970081402,0.05059916838416606,-1.3508868025534642,0.055030181663309335,0.021964843551855903,0.019522199033158827,0.02471311512796524,-1.6582718857202021,0.05119937809175183,true,0.1153174154408189,0.0748113603326449,0.17775517307560057,-0.9381050998284796,0.18792734836106473,0.023726239001520547,0.021125394647381678,0.026647285248564377,-1.6247710991336124,0.05042407003380601,1.317520981485705,0.12197796210551824
2108,16,15,true,0.04323940692278724,0.03284297809269614,0.05692682027060654,-1.364120271516305,0.1194371978626153,0.011279975002458479,0.009481062381363335,0.013420208721144593,-1.9476918627911846,0.07545113314997373,true,0.055062618445266234,0.02211350698614389,0.13710588519264388,-1.2591431400314779,0.3961992370663151,0.01128229479434304,0.00948276321449479,0.013423321129846606,-1.9476025568102482,0.07546253686990556,1.0725567084818803,0.2556672800172207
2153,20,19,true,0.019333776483989387,0.010995592399652532,0.033994977218751145,-1.7136833065526444,0.24509806102662265,0.0374234122946154,0.032715961605924,0.04280821100851197,-1.4268566157361207,0.05838369441448819,true,0.013773575422812994,0.00614257039259085,0.0308846896010744,-1.860953308483805,0.3506965494102947,0.036255351877811,0.03119304408153836,0.04213921976796913,-1.4406278754532307,0.06531436558619047,0.8298811706305738,0.31365967467899775
2168,72,71,true,0.04252303138813886,0.035718873829013835,0.050623326118637756,-1.3713757829960094,0.07572645932821749,0.02828728256828496,0.025110610463084198,0.03186582645110722,-1.5484087712522197,0.0517339577900877,true,0.06287514285564254,0.038433951017972416,0.10285915146399674,-1.2015210151949143,0.21376395248482766,0.029434286706056818,0.025987543903308864,0.03333817297694076,-1.531146484172416,0.05408827979113964,1.1430600511932292,0.16181831978098102
2192,18,17,true,0.04002443887693017,0.03133336791106001,0.05112618956124607,-1.3976747479623444,0.10631817389461047,0.003819262029854268,0.0032332536623908437,0.004511480995864796,-2.4180205447646728,0.07233967705276129,true,0.05195133236798837,0.02476127403163774,0.10899846798515825,-1.2844033098460699,0.3218237036557966,0.003821323436459905,0.0032346942133095104,0.0045143410298117415,-2.4177862021113627,0.07238056628398283,1.0774982947408045,0.20208394506219932
2218,14,13,true,0.06314460301460965,0.04706533390853518,0.08471714866872694,-1.199663762783031,0.1276350930472756,0.014702658587092236,0.012237906462818346,0.017663819394711597,-1.8326041274758234,0.07968874306517182,true,0.1936921257394874,0.06897310509639772,0.5439314283596144,-0.7128880345075338,0.4484321875841939,0.014623488567278273,0.01218346572276425,0.01755218283068307,-1.8349490100876011,0.07928014412995278,1.3382993466638926,0.2676357799754846
2259,16,15,true,0.056862450793336766,0.03935229612115355,0.08216390475082311,-1.2451744259842183,0.15985549644003272,0.03170505367845735,0.026795294048177123,0.03751443917527175,-1.4988715071911627,0.07306996551019042,true,0.04846991452246473,0.016857784974992737,0.13936188041905248,-1.3145277461624196,0.45867174382965686,0.031677054037878266,0.02676670914048468,0.037488200258468156,-1.4992552145378548,0.07314980575754193,0.9488422168977627,0.3207855130260261
2263,14,13,true,0.030349292653859633,0.021288887602963262,0.043265744165111315,-1.5178514265032348,0.1539956044265172,0.017557422466513786,0.014612585175492996,0.021095725360399338,-1.7555392407496122,0.07973370360820424,true,0.021502948171146837,0.007977906936029622,0.05795715389494616,-1.667501991866552,0.43060904226698943,0.017442879775435058,0.014509700424201891,0.02096901010807857,-1.758381812560928,0.07995974160775371,0.8911867366694047,0.299507621213273
2265,11,10,true,0.059563361151426214,0.04256360139742132,0.08335276797959512,-1.225020803056693,0.1459408295159059,0.012533031536844012,0.010151133862417082,0.015473826040761623,-1.9019438675149822,0.0915415776556683,true,0.09682790395745487,0.03572024860678357,0.262474180625204,-1.0139994692575907,0.4330860579005212,0.012562583824222111,0.01016974533024873,0.015518433079262484,-1.9009210273826471,0.0917688951176674,1.1489713206650325,0.27460105940637897
2266,24,23,true,0.03529438401036035,0.028550394922971106,0.043631394452919414,-1.4522943934038237,0.09209348659991695,0.004211226059216535,0.0036234541441160307,0.004894342308877452,-2.3755914449641518,0.06528578547190111,true,0.014568465891908312,0.0075120530563570756,0.028253287996160715,-1.8365861784810085,0.2876551749018131,0.004201604828846337,0.003616379713150252,0.004881534722029175,-2.3765847964616844,0.0651411792272255,0.7406148936442857,0.19717654389504571
2267,32,31,true,0.05304308565705506,0.03957455106405747,0.07109541006460157,-1.2753712198059004,0.1272127832928947,0.034926996294928084,0.030401548418985336,0.04012608349330368,-1.456838761875358,0.060265534361430353,true,0.03408177181571069,0.017901186460900102,0.06488771974054768,-1.4674778355666065,0.2796403481827855,0.034287507191927975,0.02978860511493456,0.039465867733669314,-1.4648640882925745,0.06108574434568846,0.8463272640249562,0.20926130182424196
2268,55,54,true,0.03703797815352291,0.028128520223652323,0.048769427427871936,-1.431352728813382,0.11950038564801993,0.026747260835187782,0.022887361291632338,0.03125812334020032,-1.5727206871034658,0.06768358761130157,true,0.022764894064033314,0.015067114385349122,0.03439546475140475,-1.6427343663315352,0.17923554834238922,0.024354719558760875,0.020795684828196784,0.028522857972036426,-1.6134168669045235,0.06860990629259078,0.8037876415230392,0.14060111244975815
2309,28,27,true,0.04393187282754145,0.035496792234949566,0.05437137635876344,-1.357220282249596,0.09259060913488902,0.01352782693458827,0.011681765265052952,0.015665620513676908,-1.868771961429985,0.0637195633498224,true,0.05011097098397529,0.02369941263422627,0.10595660963049836,-1.3000671819931657,0.32519523540919576,0.013553173117033199,0.011697738880079352,0.015702906640622957,-1.867959014318257,0.06393906297879803,1.0401660408678677,0.21669538830600277
2325,36,35,true,0.024071103225978094,0.017867150687340756,0.03242923399791008,-1.6185040046990125,0.12944069514165218,0.028093147129001766,0.02470059071344494,0.03195166159253641,-1.5513996063235276,0.05589305416085994,true,0.016680816609087913,0.008451159626618961,0.03292443345521589,-1.7777826922990174,0.2953010029065551,0.027631513502687485,0.02418100961506037,0.03157438628921758,-1.5585953261633514,0.057930244098667524,0.8662112065101315,0.23068113512249058
2342,16,15,true,0.040773335029528915,0.029721430239972577,0.055934887251635285,-1.3896237642484832,0.13730653125576422,0.02468188121037257,0.021013951367622002,0.02899003854275507,-1.6076217422016736,0.06987053495904144,true,0.09838005229180402,0.0391813288140397,0.2470216039602513,-1.007092950936721,0.3998278882871842,0.02477529776175212,0.02113703172953804,0.029039809706378993,-1.6059811172459655,0.06897488341519535,1.2901618390776395,0.2580924882297244
2378,104,103,true,0.043189227051295936,0.03869351482391153,0.04820728594383685,-1.3646245683618743,0.04773724988025094,0.013117171926210378,0.01142720422691639,0.01505706872171583,-1.8821597891397828,0.05990022170221588,true,0.07325966516607842,0.0507245903900998,0.10580624700901334,-1.1351350706135541,0.15964638067046844,0.013691630782038382,0.011855001320559895,0.01581279903752954,-1.863544820860875,0.06255357244770635,1.164384898822938,0.10312832522516756
2386,103,102,true,0.04409269023096907,0.03980395923912358,0.048843516297576293,-1.355633402720019,0.0444403244478945,0.0071199567662666215,0.0061439825877650026,0.0082509648472078,-2.1475226434739363,0.06402738030473899,true,0.06442363344148895,0.04533692554604955,0.09154578736459955,-1.1909547849635544,0.15259314926044654,0.007196390168282662,0.006199135069985273,0.00835407373278582,-2.14288529844786,0.06478360246299382,1.1127227279364895,0.09590605040684114
2411,21,20,true,0.047089939808749065,0.03617085321433019,0.061305228772239595,-1.3270718646803363,0.1145693821039342,0.015542173838225263,0.013308335835933586,0.018150967228027448,-1.8084882377925406,0.06738801044857028,true,0.031043117195601225,0.015059642924663118,0.06399056936745993,-1.5080346755299452,0.31415064992854014,0.015373320651953121,0.013169996008192837,0.017945258883962135,-1.8132323143443374,0.06718204232790209,0.8703256078128189,0.21745599125251427
2415,33,32,true,0.050394507217200346,0.03956381370845134,0.06419013031400371,-1.2976167971905705,0.10508505454793282,0.028978610442194686,0.025314512394352045,0.03317306097303438,-1.537922443287053,0.0587079902471176,true,0.08065350251183541,0.04017416189069841,0.16191968074218246,-1.093376767908822,0.3026764067688412,0.029452252648859593,0.025699980511350196,0.03375236746616057,-1.5308814826916364,0.05918572330844164,1.1594115805192562,0.21023605314391342
2430,101,100,true,0.04098778145862796,0.03634293413975696,0.04622626842510302,-1.3873455880594658,0.05223442487207401,0.019713057863349842,0.01751924995938381,0.02218158033161866,-1.7052460033119263,0.05123848763418132,true,0.11795912212603882,0.07516387942126866,0.18512022795896937,-0.9282684682093869,0.1957223446121215,0.021731246544892075,0.019327753724046926,0.024433624472735813,-1.6629153610222802,0.05090325582025308,1.3491029043962923,0.12681505746513025
2444,18,17,true,0.02527281053736357,0.016864272945963148,0.03787385050657439,-1.5973464583968477,0.17568591901671599,0.034152376806517316,0.029742905247219804,0.0392155652529394,-1.4665790665641336,0.060037545873605005,true,0.046911300642898536,0.01988647444802353,0.11066165266046601,-1.3287225258206283,0.3727196776553979,0.03509908438769273,0.030707594420925473,0.04011860088965075,-1.4547042126099352,0.05804999148225879,1.2690090880088545,0.29509805755704255
2457,35,34,true,0.03701241687881112,0.029111213454306256,0.04705812093203068,-1.4316525549248784,0.10428713638912432,0.02347481204343938,0.020457397163037204,0.026937288066660018,-1.6293978763280452,0.05975174696632193,true,0.03499556149360157,0.01897299018377203,0.06454909386396826,-1.4559870339660683,0.2658771840132697,0.02339077356490295,0.020291473978806446,0.026963457092176454,-1.6309554152402936,0.061730989297996225,0.9805782510150289,0.19612089197951227
2475,21,20,true,0.05240087940282091,0.0413774689497949,0.06636104701137337,-1.2806614245317742,0.10257465401904045,0.009399034554764481,0.008050378969037469,0.01097362632261512,-2.0269167537483552,0.06726692112752114,true,0.027383258413379394,0.014035969889757385,0.05342294456481446,-1.5625148751664912,0.2902426969463272,0.009353121709970698,0.008016364469059784,0.010912787967559259,-2.0290434142459635,0.0669791313098173,0.8080647653732148,0.19584731584863288
2552,13,12,true,0.048052331973380095,0.029625401880916336,0.07794076911973716,-1.3182855312296524,0.21005021832668427,0.03074872231688765,0.025385693788919753,0.03724475415100712,-1.5121729254903098,0.0832380373744613,true,0.03152911478766231,0.01342310991755354,0.07405773217975446,-1.5012882223453503,0.3708586311538537,0.029668893934303893,0.024325993800525067,0.03618529522382657,-1.5276986440162312,0.08623076425744626,0.8413901930931258,0.27908103672763956
2578,21,20,true,0.04048607683971431,0.028332833044949313,0.05785240096783917,-1.3926943049656375,0.15501569254806544,0.030210731013997183,0.026106111297898152,0.03496071314434231,-1.519838765905,0.0634190488917879,true,0.03587193899775077,0.017154611738840784,0.0750116660783899,-1.4452451476266783,0.32037395927796175,0.0300245806674699,0.025856246535078578,0.034864899784831344,-1.522523049373037,0.06491147058592901,0.9559489673991157,0.23866112768992687
2579,13,12,true,0.04210081576105549,0.02730405591840073,0.06491631474252257,-1.375709489031491,0.18806334626678062,0.03383094435783434,0.02826632849066062,0.04049103145889798,-1.4706858791356916,0.07804471915928118,true,0.05004674725011522,0.016806324131649217,0.14903181032907584,-1.3006241439035848,0.473903120878897,0.03381964862527738,0.028264382199577016,0.04046678342590283,-1.4708309088877696,0.07792959398359377,1.0568160833346105,0.32471405593884983
2584,94,93,true,0.051489226441322256,0.04532029085378347,0.05849786904676129,-1.2882836328336467,0.05542367877755618,0.02250989756050426,0.019925239363487068,0.02542983193029607,-1.6476264814103623,0.05296997127595717,true,0.10927113165907805,0.07068868767678133,0.16891217826324825,-0.9614945591586324,0.18915552170691366,0.023806027299598166,0.021034552762815503,0.02694266629671645,-1.6233130727099385,0.05375364481896692,1.2459535576982506,0.12516748339258174
2585,94,93,true,0.037998554866245184,0.03420264875473105,0.04221574130931368,-1.4202329198450228,0.045707339741543826,0.004566321543030276,0.003935211182002864,0.005298646367367235,-2.3404335104000946,0.06459844598803861,true,0.0630960351660591,0.044271115464924314,0.08992566850570487,-1.1999979301314865,0.1538816051709327,0.004599625918135343,0.003959501439573588,0.005343238008535949,-2.33727748751317,0.06508200728687141,1.1499396318759036,0.09428043941872451
2590,94,93,true,0.04546135224115809,0.04087634279999202,0.05056065210400997,-1.3423576503941774,0.046170317000524166,0.006563818279929375,0.0056646952195270285,0.007605653745221665,-2.1828434509456303,0.06398000079288375,true,0.08328109069734733,0.058702475698647054,0.11815072507920896,-1.0794535956884719,0.15188998688693292,0.006649281426328756,0.0057275049102400635,0.007719407347425117,-2.1772252854400778,0.06480924437386888,1.1806122910811268,0.09205571198544252
2610,68,67,true,0.05746928399276761,0.05074865196890346,0.06507992773217179,-1.2405642136880723,0.05401127569203876,0.0061799272569645234,0.005324545768848023,0.007172724690398495,-2.2090166368990216,0.0647007985952772,true,0.06987688368716774,0.04376081626630493,0.11157878875284197,-1.1556664715718392,0.20324811417395294,0.006189665809852292,0.005331521652669077,0.007185934022883433,-2.208332798613981,0.06481602405856586,1.0576119274964755,0.1306008411410903
2661,91,90,true,0.05468884005556127,0.048920290523595304,0.06113760148624225,-1.2621012878671116,0.04840968461042998,0.008906694762548257,0.0076481472507274485,0.010372343652988532,-2.0502834309460463,0.06616032817989977,true,0.027932600650450997,0.02013722162509785,0.038745671752708044,-1.5538886276516533,0.14211182252229032,0.008737497727479298,0.007522533112866958,0.010148691324086445,-2.0586129242011495,0.06502296769464183,0.7991959247942032,0.09808814809800914
2662,32,31,true,0.04293406924445099,0.034369470890182975,0.05363289728192551,-1.3671979476105005,0.09662920606090415,0.020336457434629508,0.017667641996989454,0.02340841528603365,-1.6917246979514982,0.061096711570096135,true,0.06706148702975755,0.036652141963330484,0.12270068819284051,-1.1735268207005487,0.2623738192671206,0.02087104177796191,0.01804256216297785,0.024142933856215538,-1.68045587258628,0.06324591714396402,1.1508099205100182,0.17997301268507093
2701,89,88,true,0.04164965061677463,0.03605269743083824,0.04811549537526693,-1.380388637374679,0.06267359882638493,0.024481775756027505,0.02174126884900789,0.02756772607573759,-1.6111570843584122,0.05155802915524655,true,0.08026444440375181,0.05064597547191685,0.1272042047845492,-1.095476796177251,0.19997826350022394,0.02581260371266206,0.022882892240392617,0.029117408036856758,-1.5881681860408272,0.052320898529649745,1.2242872945306937,0.13877423327524094
2709,59,58,true,0.039201392191296196,0.034019516216903085,0.04517257505773296,-1.4066985092483855,0.06157335742519177,0.010042801544420573,0.0086646829331189,0.011640110046624857,-1.998145119306343,0.06410220549787694,true,0.057432722670161696,0.03848419727001041,0.08571096364995878,-1.2408405949568748,0.17387697286766815,0.010244808483690804,0.008805170587350945,0.011919825950706465,-1.9894961558819861,0.06576606991039699,1.1181488685854397,0.11003153038721167
2711,14,13,true,0.029787343678078795,0.020261231151011333,0.04379229656790585,-1.5259682237869365,0.16736594496937404,0.019815232000743595,0.016471081559147668,0.023838350738129135,-1.7030008384924005,0.08027704383464936,true,0.018531268866407546,0.007369952215383821,0.04659567874568658,-1.7320948428067044,0.4004404851636065,0.019596071051910895,0.01628766910143137,0.02357648588512848,-1.7078309945373598,0.08031006779726854,0.8479469897288986,0.2800931567207132
2716,11,10,true,0.060385159913495044,0.0402145430970745,0.09067285755246171,-1.2190697792524399,0.1765470819759779,0.030105176086131533,0.0246874954758077,0.036711768841239,-1.5213588282471797,0.08616413837041367,true,0.11012494251663991,0.03759857702113363,0.322552179500744,-0.9581143052742211,0.4667142860631131,0.030236253070103306,0.024826215145558515,0.036825226654933346,-1.519472028375897,0.0856174569301832,1.199553200782289,0.31300213070482624
2787,13,12,true,0.0534660528862181,0.029435402217842566,0.09711499065227958,-1.2719218763636364,0.2592081490633045,0.04829611060281649,0.04040637233289083,0.057726397216332485,-1.3160878425766083,0.07746229600643902,true,0.03958206497327093,0.015076724119673464,0.10391779110050965,-1.402501552648483,0.41919145935225977,0.0473206669626194,0.0392453418310999,0.05705761288624203,-1.3249491428238211,0.08126274098927352,0.8757533421764259,0.3286569170111303
2829,16,15,true,0.04309142494305997,0.03286907609761378,0.05649294486126963,-1.3656091444663803,0.11760335867278386,0.011252785282791887,0.009475929027439938,0.013362824505538466,-1.9487399679320954,0.0746382327722032,true,0.11236233674519178,0.03808500098277873,0.33150306926731554,-0.9493792375641777,0.4698667912995033,0.011168963538008787,0.009414587127858217,0.013250262047524218,-1.9519871268493416,0.07421159415374563,1.2822627252603045,0.2852504376268069
2837,18,17,true,0.02948183925811244,0.02026407408733401,0.042892601077907475,-1.5304454260120322,0.16282780938167427,0.03172328799264664,0.027499735789635917,0.03659551527195682,-1.4986218061255754,0.062049672613412765,true,0.05195866516381078,0.02316667728131898,0.11653388411388525,-1.284342014632067,0.3507942365096885,0.03271502967528949,0.028395671850959727,0.037691419039937196,-1.4852526814237375,0.06149516988456656,1.238100470830298,0.2742041729894333
2858,46,45,true,0.029962888689361252,0.0232721560276911,0.03857720348483429,-1.523416319097635,0.10974706093518569,0.035620424878657714,0.031871469125821034,0.03981036027950632,-1.448300904598883,0.04829701251941754,true,0.05252184627382777,0.02954096571506365,0.09338030322431023,-1.2796600157805358,0.2499152956176757,0.03731549930875949,0.03344688496320603,0.0416315746651391,-1.4281107428258926,0.0475335806991542,1.2453538681683023,0.2002786722456996
2860,35,34,true,0.03855697298417046,0.02899846721532962,0.05126616364454464,-1.4138970688530692,0.12372788833476929,0.035895506615382086,0.0315787493078484,0.04080235675624766,-1.4449599128222521,0.05564516161491143,true,0.03946015681220387,0.017516999294481663,0.0888910223416091,-1.403841193221194,0.35269909429959156,0.03590286350036575,0.0315814154566209,0.0408156375795265,-1.4448709120675434,0.05569749705359923,1.0078703254962162,0.25867441340410485
2870,24,23,true,0.07364099875569627,0.05553838709058996,0.09764411575170308,-1.1328803300112296,0.1225264068868811,0.035296754356308135,0.030740183079350447,0.040528739366111906,-1.4522652274719652,0.060028322828365725,true,0.11073997401280812,0.05343730608597591,0.22949027079746093,-0.9556955827393405,0.31645986115928265,0.03577841470737322,0.03110305538477392,0.04115656623237836,-1.446378906336915,0.06081803995554102,1.1411975966556474,0.22096747620789967
2876,23,22,true,0.13034867761416283,0.10384511638528583,0.16361653149601973,-0.8848933703858338,0.09872055220758992,0.014706782302143983,0.01263296065595482,0.017121041660230513,-1.8324823361972746,0.0660125202257935,true,0.03556819642080284,0.0202445781683247,0.06249063754799404,-1.4489381563028874,0.24475311179384102,0.014543415440589343,0.012513498957934903,0.016902621192408526,-1.837333589844631,0.06528764837117644,0.6210074438950881,0.16878948475811495
2922,80,79,true,0.042533721946395237,0.03781280728835036,0.047844041010164026,-1.371266612346963,0.051094466318505394,0.00815606810168841,0.007038126161448168,0.00945158488970475,-2.088519156598654,0.06402379591642605,true,0.04530922599416743,0.029789975646002907,0.06891331448490091,-1.343813356698174,0.18211649513246436,0.008165843560836054,0.0070440960377064,0.009466225432349356,-2.087998944437078,0.06417578714876992,1.0188350693958013,0.11921814249406733
2930,80,79,true,0.06306229948806152,0.055460937281473395,0.07170548879364909,-1.200230197293018,0.055782597891892154,0.01597483347340601,0.013808071424024784,0.01848160374221678,-1.7965636603656692,0.06330331481334005,true,0.06306060352505598,0.0428176005382984,0.09287395059392407,-1.2002418771284369,0.1681357967224484,0.015974805743662404,0.01378272263203941,0.01851553030273734,-1.7965644142317487,0.06410056941031958,0.9999909787949561,0.11337235367207409
2945,19,18,true,0.05412360711838396,0.03967198691209896,0.07383963031636816,-1.2666132671482058,0.13490278084369875,0.028559148753647283,0.024555159081105584,0.03321603312928853,-1.5442547414723078,0.06560250646517883,true,0.07346839005292902,0.030800887482385002,0.17524184457529682,-1.1338994769487345,0.37753729281219245,0.02876942284816259,0.02471638379658871,0.03348708685817599,-1.5410688505313774,0.06594621913879697,1.1021552337314824,0.26423922488109647
2948,43,42,true,0.09089646235190353,0.07747871630768657,0.10663789053086487,-1.0414530189886424,0.06936456443545863,0.009288578854141286,0.00798399515701381,0.010806331345755777,-2.032050727665913,0.06572900749199853,true,0.05142835518755696,0.03320563200130137,0.0796514192891694,-1.2887973653229068,0.18999088411621315,0.009225470425062339,0.007937284367715753,0.010722723367437225,-2.0350114790659504,0.06531658095631317,0.8320289718209143,0.12742162263278178
2956,17,16,true,0.06266711425044182,0.04745612899871663,0.08275363564913038,-1.2029603036080638,0.12074738651105658,0.016487440187261334,0.013927668844509671,0.019517672839821896,-1.7828467669657886,0.07327480093813782,true,0.08853344335854807,0.03521912633046737,0.22255437342125634,-1.052892644302516,0.4003287773360492,0.016566857128377268,0.013981663961237508,0.019630049461421363,-1.7807598730691603,0.07368126695318603,1.106547647720969,0.2633055290020483
2962,78,77,true,0.048252876842151765,0.04298729429269594,0.05416344903427615,-1.3164767888605722,0.050183100535837646,0.004924734038685828,0.004241813224889405,0.005717603313951468,-2.307617218699372,0.06483123951180901,true,0.06278059727749694,0.0426772442188472,0.09235374651436952,-1.2021745568569515,0.16762907501451677,0.004935583729727093,0.004249667963199953,0.005732209425322726,-2.306661476103259,0.06498352499544491,1.077652628152696,0.10559517535937772
3010,56,55,true,0.04262891102479216,0.03579474174601931,0.05076790518712817,-1.3702957614641584,0.07588500514372486,0.027742069901181585,0.024642982249901222,0.031230897080450976,-1.5568611383195416,0.051445597461498564,true,0.13453277747329095,0.07520097767454335,0.24067596957326295,-0.8711718915609924,0.25260462162530145,0.02922412582390602,0.026099150254468212,0.032723269602437585,-1.5342584709456593,0.04911516140200136,1.3998222488273184,0.1606801601635461
3015,27,26,true,0.023163774407398634,0.015429693012067041,0.03477453792354975,-1.6351906733233212,0.1764520412157064,0.0364413166991802,0.03206115246438976,0.04141989481647367,-1.4384059394691442,0.05561493116122151,true,0.015762616622920007,0.0072463914045436065,0.03428742237762172,-1.8023716871910582,0.33750652461709735,0.03602780040643241,0.03160225333652024,0.041073096538522195,-1.4433622519076612,0.05691969785599835,0.8536068448455132,0.264149358039898
3016,76,75,true,0.04906284439601131,0.04325644374106773,0.05564865005168825,-1.3092472773753885,0.054701910876059384,0.01366570946511123,0.011899027643403741,0.015694695464327033,-1.8643678166764268,0.06012070986027701,true,0.12082065758834298,0.080961160738697,0.1803041256682773,-0.917858804873631,0.17386446911387898,0.014530371503283426,0.012565216835910562,0.01680286928435891,-1.837723281795341,0.06310673066190679,1.2857873824142811,0.10553421199934258
3033,10,9,true,0.049962580660469026,0.0276950278038961,0.09013384943786565,-1.301355137598622,0.2562430569167765,0.03196041941092698,0.025542583728543407,0.039990802018234524,-1.4953875301510346,0.09734764417705216,true,0.03400636315977466,0.01357139155305849,0.08521106555899656,-1.4684398115867356,0.39893580775204657,0.030715615339313457,0.024415504571248043,0.038641389651380934,-1.5126407798465678,0.09969351630312642,0.8497639928005306,0.29593251870401166
3079,73,72,true,0.04553409161246302,0.040331058578892846,0.05140835802552575,-1.341663323008855,0.05269705580330351,0.007140822457228588,0.006161291893700432,0.008276080121734836,-2.1462517646852732,0.06407645115684447,true,0.08285217978761632,0.05500790522747771,0.12479085809889248,-1.0816960610855588,0.17787883214808273,0.007234245511087036,0.006229491047710159,0.008401056798038101,-2.1406067565225526,0.06494067742824894,1.1784521147572646,0.1086980683098915
3093,73,72,true,0.06456405838098424,0.05705310754957828,0.07306381393863187,-1.1900091784552713,0.05371151713968239,0.010488616863782335,0.009051417808656651,0.012154016756358996,-1.9792817785396897,0.06400160929948435,true,0.09239993060452348,0.06216789505227922,0.13733370204252626,-1.0343283549496316,0.17210548224480024,0.01060566170838346,0.009135038032638043,0.01231303688838489,-1.9744622298032994,0.0648274103712582,1.1077922579771255,0.10864856535338611
3128,56,55,true,0.04757570136886682,0.04134711436954232,0.05474257140437659,-1.3226148005525888,0.06093999407431544,0.0078076930009956915,0.006721872103105968,0.009068912508708601,-2.107477271493352,0.0650324836049287,true,0.05037525275153349,0.0330136908544379,0.07686708223475576,-1.2977827618270938,0.18352315800765667,0.007817223639551433,0.0067275015579463205,0.00908345912734597,-2.106947463323194,0.06519872966763388,1.0170946632654503,0.11832427433691073
3138,71,70,true,0.041679234038500095,0.0346917609066369,0.05007409553845185,-1.3800802708963775,0.07969338450438938,0.02429407687050688,0.02119756062123544,0.027842928794308556,-1.6144995986656698,0.05921451539104319,true,0.027217524110927947,0.017848132718806642,0.041505384927374905,-1.5651513836832711,0.18325582961294046,0.0231886330751799,0.020122702736082552,0.026721693946764935,-1.6347248514225299,0.06158883697806768,0.8509240503934484,0.13856471966185735
3165,70,69,true,0.04638485043918439,0.0410408857062719,0.05242465685716676,-1.333623839380007,0.05315943587501002,0.005536734693201155,0.004772673115258835,0.006423115583777994,-2.2567462863199728,0.06449202352095365,true,0.07959926859258047,0.05168465388683628,0.12259042257197961,-1.0990909228108947,0.18754746488061388,0.0055655665804889565,0.00479379418334966,0.006461589750649538,-2.254490617447016,0.06482999844448657,1.1593471607811603,0.11515240276073783
3199,69,68,true,0.03942602307667873,0.03472087279883399,0.0447687851814314,-1.404217028226295,0.05519233801829594,0.008218877097954153,0.007094817447009638,0.009521025911631679,-2.0851875137828957,0.06387126088116425,true,0.0629666320454944,0.04209526016747915,0.09418629877516949,-1.2008895355874774,0.17487726641521303,0.008322697680586025,0.007170292319516733,0.0096603169851101,-2.0797358806929997,0.06472725789788573,1.1409982212906016,0.10862901688310869
3244,67,66,true,0.04772029010543166,0.04098841436857382,0.05555779902265574,-1.3212969247920314,0.06604195719149962,0.020827559790851234,0.01826010125950392,0.023756015406306032,-1.6813616101025752,0.05713520835731221,true,0.06907751551760355,0.041728351044214775,0.11435158664737866,-1.1606632909134793,0.21890548580658115,0.021352796896101284,0.01865644955054926,0.02443883730667979,-1.6705452308503124,0.05862577107448646,1.1202837378233081,0.15121597862461825
3246,66,65,true,0.05213142087683775,0.043692918574012245,0.06219966830630593,-1.282900437924303,0.07668850664848022,0.02894744103246475,0.02554052161506619,0.03280881866695001,-1.5383898220781758,0.05438041529076089,true,0.07244732063482877,0.04493884589509961,0.11679459413393672,-1.1399776716838528,0.2074004135001894,0.029941515885516884,0.026240838208583583,0.034164090582647993,-1.5237262158817575,0.05729608056597652,1.118399285974496,0.1542350151204419
3265,23,22,true,0.037022785914093914,0.026669571311064264,0.05139515220749655,-1.431530904286654,0.14245306085344914,0.03431239303346375,0.030088972307934447,0.03912863170047279,-1.4645489920870378,0.05704365329402297,true,0.058511481591880764,0.025676570639941575,0.13333530891198447,-1.2327589048113172,0.35770407624374617,0.034752947283300556,0.030496098201378077,0.039603995793182814,-1.459008358423603,0.05674736413154491,1.168225698595258,0.26428597370462464
3277,12,11,true,0.05351201534164665,0.034318106551189755,0.08344096087158259,-1.271548692545191,0.19292798914803036,0.034104454025419895,0.028339183779326448,0.04104260000672551,-1.467188898651389,0.0804237637377807,true,0.09191670056587671,0.03543790843791604,0.23840797088006338,-1.0366055734380364,0.4139263448558903,0.03559380886657896,0.029434902764009032,0.04304139340251724,-1.4486255359852334,0.08251185852341819,1.2276711654237817,0.33881218086885023
3278,66,65,true,0.03964540907501337,0.034476373487073456,0.04558943710580426,-1.4018070965891396,0.06067132657675045,0.015961500276075534,0.013990949198723629,0.018209593033645034,-1.7969262902410084,0.0572265300931892,true,0.11178354892384781,0.06211534412382259,0.20116707049229654,-0.9516221064433454,0.25517899796682736,0.01623424373485759,0.014233333953613038,0.018516439683189074,-1.7895679379852074,0.05712542278315125,1.3119814437817874,0.15491596845178798
3279,36,35,true,0.04133282772501168,0.0322987931145366,0.05289369920687839,-1.3837048820795352,0.10710882325157756,0.033765388043383734,0.029885352803081324,0.03814917084073143,-1.4715282548544482,0.05301335800489541,true,0.08615822433327994,0.04559392086532497,0.16281204773308502,-1.0647032601534911,0.27638979873127734,0.035252148917134365,0.031314349225662806,0.03968512946957192,-1.4528144039376092,0.05144220543270812,1.2856340943812536,0.20078900403760247
3306,11,10,true,0.03588203865425633,0.023912467595591694,0.05384307131159069,-1.4451228902895388,0.17625271519848573,0.017743204229067,0.014337003645713551,0.02195865357183652,-1.7509679485774041,0.09257365574668736,true,0.01983025229822201,0.006478757420603927,0.06069665534328386,-1.7026717602763626,0.48583652044591397,0.01762028111622447,0.014250980811392025,0.021786171122101846,-1.7539871670788427,0.09216807760702735,0.8183554064888194,0.3315871465454166
3333,61,60,true,0.04366669655681124,0.03801337362145797,0.05016077781395026,-1.3598496617863314,0.06021392401264971,0.010348997650125277,0.008931132614744321,0.011991956337708528,-1.9851017116660021,0.06399175025816223,true,0.04872173620307045,0.031228118211778254,0.0760150695774637,-1.3122772439799026,0.19317694133404953,0.010381447206918746,0.008951440488258659,0.01203989975148755,-1.9837421002285514,0.06436497107419215,1.0330892560260987,0.12623557774988664
3334,64,63,true,0.051192461610374315,0.04414525040504609,0.05936466781101526,-1.2907939867205385,0.06432202866916122,0.018104691417674644,0.015765282396755707,0.020791245160104124,-1.7422088730421206,0.06008937247311364,true,0.06946597615542818,0.04265793681958698,0.11312131347643636,-1.1582278570793785,0.21177229625017197,0.018384893458670174,0.015965602393613266,0.02117078323470373,-1.7355388825449531,0.061275808028588535,1.0960738761672542,0.14197028813676765
3361,12,11,true,0.03695248364735605,0.025156881912030925,0.054278827260189656,-1.4323563665224064,0.16698682231315704,0.019806511300061724,0.016276271552943433,0.02410244192617496,-1.7031920139395216,0.08525305905955304,true,0.03211555232787252,0.01190461039831969,0.08663943353155848,-1.493284604526899,0.4310002086367466,0.01973480862784773,0.016194959669587748,0.02404838786410434,-1.7047670806833477,0.08585304849545215,0.9548153255645068,0.2980985497294425
3376,15,14,true,0.055299202081238036,0.03854823975050193,0.07932921893746869,-1.2572811351368096,0.1567143134515103,0.03309938466644668,0.02800945958357063,0.03911425931045197,-1.4801800798934879,0.07251519050955381,true,0.08545499792959027,0.03618120683846636,0.20183286598893935,-1.068262532009756,0.3732544191606108,0.03334527660941623,0.02819602365888035,0.03943490350307908,-1.4769656756229002,0.0728464580708186,1.1499552181550317,0.2527001482322055
3379,11,10,true,0.14050314301007008,0.10127774700903455,0.19492073805657603,-0.8523139606225121,0.14217200776687822,0.013591799138577595,0.010982283109845729,0.016821366010663127,-1.8667230521534268,0.0925843127475757,true,0.09734992359009761,0.0291093187035159,0.3255661088987694,-1.0116643850213196,0.5243035739770421,0.01358177374857323,0.01097562132345378,0.01680675496368037,-1.8670435084860155,0.09252737674928856,0.8909293330733515,0.3527654763423848
3395,11,10,true,0.03735995951648448,0.021829227672617288,0.06394026376041773,-1.4275936030462515,0.2333680264967425,0.03598509215850266,0.029899305318241497,0.043309596790728704,-1.4438773807386691,0.08046152123653943,true,0.058660457941971986,0.020596327845574372,0.16707101148136264,-1.2316545509549353,0.4545556528780852,0.03722679511452157,0.03095185888916798,0.044773862515364415,-1.4291443509422324,0.08016891230695239,1.2064536390574199,0.3920245900772948
3397,36,35,true,0.052699835629843636,0.04375407526151919,0.06347460570958727,-1.2781907393446301,0.08079075115612674,0.013518542360979815,0.011663134015002416,0.015669114950624,-1.869070133742823,0.06411460035082775,true,0.0790939093139766,0.048405457434978046,0.12923845413445148,-1.1018569583882183,0.21324871301939685,0.013748265184167581,0.011823550429613361,0.015986297576131316,-1.8617520995410712,0.06549999240293819,1.1281687004203578,0.1351178561867599
3398,61,60,true,0.045137129572105895,0.03931656358180824,0.05181939316160792,-1.3454660626847619,0.05995838549689467,0.010080878245588782,0.008692717761588406,0.011690717332552112,-1.9965016305295848,0.06434279045200336,true,0.03875295930316998,0.02461995021563618,0.06099898016038056,-1.4116951277392356,0.1970177018578449,0.010053026761604782,0.008670078610643159,0.011656566405923847,-1.9977031613322822,0.06427380347365606,0.9542242706726589,0.13160696663200397
3418,61,60,true,0.04308137688141669,0.03647883221760125,0.05087895969167376,-1.3657104250944412,0.07224864792378363,0.020319877158543057,0.01773134142128119,0.02328630406060082,-1.6920789218570236,0.05917948581203866,true,0.05830406268436766,0.037218641079733224,0.09133497696007332,-1.2343011821204275,0.19493830567663475,0.020974488085311264,0.018166292483234932,0.024216782309701344,-1.6783086299956889,0.06242506781283,1.1035541346054916,0.13779927997657182
3424,60,59,true,0.05273237795517954,0.04610983856379823,0.06030608155264919,-1.2779226438112077,0.05828375448498515,0.008038541639282295,0.006936532333623327,0.00931562754681513,-2.094822734269097,0.06403485071433933,true,0.1149021360034802,0.07536704036538106,0.17517605566247854,-0.9396718978051675,0.18314664116505913,0.008177478158302515,0.007038537049109484,0.009500717061363658,-2.087380607183581,0.06513699184518261,1.2359918073226062,0.10859038783010574
3452,59,58,true,0.037129584481389234,0.031723013854054814,0.04345759990217348,-1.4302799109529287,0.06834564816925139,0.018172303741633884,0.015934182319519975,0.0207247925658321,-1.7405900127657825,0.05708020516226434,true,0.07296055625232012,0.04311651497318061,0.1234618051101565,-1.1369118635997022,0.22844448600925707,0.018807840969950203,0.016464877834279364,0.021484209327959435,-1.7256610560526764,0.057780431255617694,1.2175265080131412,0.15013840457827737
3491,58,57,true,0.04746290035783705,0.04144510653425358,0.05435447266895387,-1.3236457264870456,0.05888101318947673,0.00646915252442909,0.005575169770814307,0.007506486099025947,-2.1891526092958973,0.06458929397848044,true,0.06337126179947054,0.040125599024192396,0.1000836602996449,-1.1981076454533985,0.19847082562066595,0.006487168189087116,0.005588218067497897,0.007530728150762104,-2.187944842219987,0.06478181265297935,1.0856297200041916,0.12538431176154322
3524,10,9,true,0.03178889803202921,0.021829411274486725,0.04629231752446843,-1.4977245267220265,0.16323345006033707,0.01204837401620925,0.009656449492517385,0.015032783690004358,-1.9190715591833316,0.09611096753262847,true,0.03857910319911937,0.014743882198927347,0.10094676446591405,-1.4136478720835448,0.41774027562948773,0.012091186919244858,0.009677936353781653,0.015106195760317392,-1.917531064964103,0.09668617335879809,1.0605767657245746,0.27151323884800005
3546,55,54,true,0.05615039927371492,0.04891257025928405,0.06445924476845831,-1.250647151214551,0.05993236404441074,0.004833121515830224,0.0041577149495325766,0.005618245567654208,-2.3157722855581815,0.06537300339746331,true,0.03148602361371238,0.02099094730818995,0.04722843940523137,-1.501882183176254,0.1760857783634955,0.004817579614960801,0.004146285318656186,0.005597558190715138,-2.317171099495042,0.06516971657864641,0.829980035407765,0.11853235843144459
3559,55,54,true,0.08308208506350034,0.07247445560712057,0.09524228641215936,-1.080492612760317,0.059322425409425956,0.0035989394947531237,0.003098006119768267,0.004180871498040396,-2.4438254546295917,0.06509227404568355,true,0.09107313727990192,0.05752844247412975,0.1441776619927399,-1.0406097026260717,0.199507681284246,0.003599480046037002,0.0030983881528767023,0.004181611845433014,-2.4437602296343313,0.0651039469705598,1.0270014190260257,0.12777534134501023
3577,54,53,true,0.057059031876484374,0.04970730974599571,0.06549807533979313,-1.2436756013131436,0.05990413975396076,0.0032381778062995216,0.0027880197345782273,0.0037610191115799536,-2.4896993080920233,0.06500484838297517,true,0.11002496078919734,0.0696145963641645,0.17389301423711123,-0.95850877753928,0.19879091308303165,0.00324328325602216,0.002791756057594308,0.003767838615476298,-2.4890151200426187,0.0651074128075393,1.194258360317365,0.11907665510460272
3584,10,9,true,0.024455037995175084,0.01214632561317334,0.049237020510700044,-1.6116316580898031,0.30392342259862765,0.03175502736785215,0.02588511811332977,0.038956042569253876,-1.4981875086310301,0.08876234036864075,true,0.017862671794690012,0.005521517874339605,0.05778755967225346,-1.7480535813429123,0.5098879362479217,0.031101501967587313,0.02502356659535708,0.038655697658195244,-1.5072186373241456,0.09443215315011491,0.8725350407168907,0.3940787556799589
3610,14,13,true,0.04763299083635277,0.03181280493312823,0.07132039506687286,-1.3220921486386323,0.17530588884704842,0.0310520332777055,0.026075350731747056,0.036978554213875615,-1.5079099570855843,0.07585988421132327,true,0.04655580112271872,0.018783317756749938,0.11539189435259645,-1.33202619570061,0.3942014987874336,0.031025253737541676,0.025981720601274003,0.037047830059093345,-1.5082846579722273,0.07704743382441931,0.9919959774201191,0.28532207119818725
3617,52,51,true,0.032380119315054454,0.0267943460105231,0.03913034960604711,-1.489721555280783,0.08223528335776878,0.02316069162197898,0.02042946076266612,0.026257062907342383,-1.635248475897787,0.05449462055783261,true,0.05576599802873189,0.03203208575121604,0.09708535873354639,-1.253630520945068,0.24078426062989253,0.02390934017231919,0.021064272302445477,0.027138680096217203,-1.6214324089730936,0.05502113067305072,1.1878057035379521,0.16883882598211764
3621,22,21,true,0.04248199413305621,0.034076475933960064,0.052960870396884775,-1.371795105376307,0.09575021937324289,0.003759948036892974,0.003233263974562366,0.004372426548329958,-2.4248181570528136,0.06554067962367134,true,0.033951945976186025,0.018317601825969632,0.06293043415408092,-1.4691353288209,0.26799605675575644,0.0037578152368766193,0.0032316819357430153,0.004369605559977671,-2.4250645769703407,0.06550681237174942,0.9342855236997287,0.17304653898123348
3626,52,51,true,0.04780538645249557,0.03779491157359706,0.06046726606099432,-1.3205231666765693,0.10204349973653098,0.040688423890472385,0.036258063097900965,0.04566012900966588,-1.390529132681192,0.050066266907394,true,0.0716016948553017,0.0433415534907503,0.11828839285250517,-1.1450766975581566,0.218018828767475,0.04230077493063649,0.0376002473735537,0.047588930518337916,-1.3736516764779938,0.05115762134392113,1.1698728412218722,0.16983984967112467
3654,14,13,true,0.04591388939803391,0.032572854776052,0.0647190813991773,-1.3380559162830374,0.14908826070153655,0.026412601352891016,0.022263712363172213,0.0313346444136031,-1.5781888234212451,0.07421359409960807,true,0.10131171760031125,0.04115317271662644,0.24941124694812158,-0.9943403217191138,0.3912563553739684,0.02687792085912564,0.022733172364373316,0.03177834655587173,-1.5706043291573542,0.07273562604565009,1.2751996957772853,0.26404874460800726
3665,51,50,true,0.06103495794583887,0.052899308051450974,0.07042183024071029,-1.2144213503274783,0.06212865838217524,0.004649770655433471,0.004000664065389433,0.005404194602384253,-2.3325684676554355,0.06529944701726448,true,0.049272174603119626,0.03255480503021488,0.07457415849571386,-1.3073982699293902,0.17998663135698828,0.004643582959210196,0.003996059615549751,0.005396031284208168,-2.333146791226021,0.06522125011313619,0.9370377873798245,0.11709261069183609
3683,28,27,true,0.037909214169953964,0.031210399070149948,0.04604582324478858,-1.4212552180845108,0.08444546013077245,0.003823569621727689,0.0032914291695114745,0.004441743661878262,-2.4175309975224226,0.06508448882535686,true,0.03787285181631931,0.019354282842735476,0.07411036184372274,-1.421671991381437,0.29155092509549124,0.0038235465291474027,0.0032913884536432455,0.0044417449554982735,-2.4175336204668096,0.06508723825429454,0.9997240852378925,0.18940724328404196
3725,35,34,true,0.05061545780441085,0.040096662122929276,0.06389371167344772,-1.2957168307105495,0.10117494833831646,0.030591347929025788,0.026874031960116222,0.034822856856893576,-1.5144013865249428,0.056265784158898685,true,0.10207481775420388,0.052710407029129436,0.19767004291573612,-0.9910813867996677,0.2870222433556579,0.03176757855321287,0.027906820834221437,0.036162451220420604,-1.4980158875038612,0.05627374833988126,1.2511551129606253,0.20313249568200784
3732,48,47,true,0.04177781568958192,0.0348285902958964,0.05011359543881177,-1.3790542704054967,0.079009833060563,0.023521548366894653,0.02070677264231037,0.02671895070918371,-1.6285340930948347,0.05535349187741006,true,0.09440850471504404,0.05020142442560872,0.1775440809600577,-1.0249888808667245,0.2742950790518968,0.02418425409481863,0.021314991480731117,0.027439755096852144,-1.6164673028382652,0.054847533759264,1.2658785906628858,0.18100471019743464
3753,13,12,true,0.032108896324863884,0.013085102944690676,0.07879045564705942,-1.493374622127647,0.3898482341493968,0.051851938195875566,0.043210560729291074,0.06222144423241346,-1.2852350052914998,0.07917509266348399,true,0.02272572643556766,0.007606350098804125,0.06789835273365304,-1.6434822255134265,0.4753414636030195,0.05034992714658485,0.041529799733612566,0.06104327928204721,-1.298001153508756,0.08363900964567302,0.8267999916478324,0.3775024045535614
3768,18,17,true,0.04108124781740082,0.03214541109021868,0.052501083824939156,-1.3863563734491198,0.10652464246139803,0.0046223730092012855,0.00391473077453569,0.005457931456021193,-2.3351350114096148,0.07216308864699468,true,0.06660788124180293,0.029574158001708095,0.150016438110119,-1.1764743807798361,0.35261323043135107,0.004625935387048176,0.003917241501796875,0.005462843737188148,-2.334800437549923,0.07221921539426603,1.1436195781092913,0.21926485022420059
3778,46,45,true,0.044069027342536315,0.03595820296962638,0.054009350037811196,-1.3558665347959782,0.0883354856988989,0.027444411526179716,0.024159674889979117,0.031175739220344997,-1.5615460770948966,0.0553628370966579,true,0.0794432996266453,0.044388664123620386,0.14218129741396215,-1.0999427259944927,0.2527851988713343,0.028535522772862747,0.02505391089885768,0.03250095616639616,-1.5446141667354927,0.056510304689173424,1.2087488994071804,0.17999515549481018
3814,20,19,true,0.022871410586197183,0.01586580496990997,0.03297036760470029,-1.640707049607941,0.15883083896531455,0.024361437666146242,0.02109543847154308,0.02813307938406256,-1.6132970858236257,0.0625143574950894,true,0.029525496112395876,0.01322376463162208,0.06592335427677457,-1.529802796269375,0.34884209305965896,0.024764467000286415,0.021315224033061905,0.028771868635160576,-1.6061710147974337,0.06513908355550561,1.1005694582369527,0.2735522887248541
3830,15,14,true,0.04711705119508612,0.03110564167024646,0.07137022077393386,-1.3268218975455723,0.1803389377346566,0.038444074196649025,0.03271865834104693,0.045171376693747524,-1.4151705932365455,0.07003392004736944,true,0.05700500415609739,0.022015244553052617,0.14760546906512095,-1.2440870183277393,0.4131894675546,0.038623755829779505,0.032857673064509554,0.04540170910671557,-1.4131454970807404,0.07021769887274776,1.0687085780816157,0.30196132890295657
3847,11,10,true,0.04843510503251914,0.030095440707833175,0.07795065778520265,-1.3148397541496404,0.20665953847602045,0.03442322922671199,0.028359805715129516,0.04178303343462615,-1.463148391139229,0.0841483575661097,true,0.06349704715056034,0.022610757514492014,0.1783166704722881,-1.1972464705511014,0.44843841695524594,0.03475130836572706,0.02859034729464952,0.042239900784830815,-1.4590288398416673,0.08475172927625124,1.099056954862286,0.3257310983592672
3865,43,42,true,0.04984018695494142,0.04255033577879172,0.05837895730406035,-1.3024203372688878,0.06867667113539369,0.006692673113824117,0.0057643923107091296,0.00777044153037425,-2.17440038646061,0.06484608335124395,true,0.06770791182875933,0.0401220745803444,0.11426032607139673,-1.1693605800178384,0.22725603911578224,0.006710168178894196,0.005776970961715631,0.007794111704461888,-2.1732665948458494,0.06503322061401205,1.0909700772123316,0.14334758328505967
3900,10,9,true,0.04482574681744538,0.028237948470517728,0.07115770396137684,-1.3484724661607892,0.20069439246149526,0.031212086453165214,0.025478563025238942,0.03823584319864613,-1.5056771988191515,0.08814787075959267,true,0.0721606289381121,0.024970155068534023,0.20853520350402893,-1.1416996902227496,0.46087907038146775,0.03144484957416755,0.025703368484582847,0.038468832026242204,-1.5024504785078687,0.08755947915681309,1.1668822584165541,0.3192336895007693
3910,41,40,true,0.03254545403263237,0.02731389784866499,0.03877903417735586,-1.4875096653575748,0.07610665378597085,0.009953344763501962,0.008559331098835794,0.011574394171363099,-2.0020309525976034,0.06552922097703864,true,0.018010380341072208,0.011122822408720154,0.02916290381259483,-1.7444771157043553,0.20930788113213866,0.009834577126987246,0.00846921732463707,0.011420052592735349,-2.0072443093963277,0.06491241336589039,0.8216255655734847,0.1435017739168922
3916,13,12,true,0.06271675463239892,0.04347036130500786,0.09048444028385377,-1.2026164229273668,0.15919032721722035,0.031450794709250905,0.026299209414072506,0.037611491367271176,-1.5023683761811344,0.07768893054836395,true,0.15739781851870202,0.06650410735856709,0.3725194466692567,-0.8030012911119949,0.3741502403055764,0.0324536703894987,0.027181274223440622,0.03874876185318529,-1.4887361789941853,0.0769940089611528,1.3447989738982333,0.25211326373868137
3937,25,24,true,0.03417729365786028,0.026823916744881337,0.04354648923515303,-1.466262330029309,0.1052154774956005,0.014124417565683146,0.012163468046766478,0.01640150414361579,-1.8500294517014504,0.06491312970755059,true,0.021735888085450118,0.011013734363637935,0.042896334273596765,-1.6628226106960076,0.29524279162735406,0.014009567178869758,0.012071906637100591,0.016258241422781913,-1.8535752818971054,0.06464885011177088,0.8604386563804676,0.20410796034075968
3950,12,11,true,0.0288457042335827,0.02002444812778213,0.04155293805959636,-1.5399188537928385,0.1585205904077709,0.014023917538950957,0.011443713433542392,0.017185878017780556,-1.8531306505711254,0.08830237549570887,true,0.0159217730909575,0.005634206736159525,0.044993531517577005,-1.7980085697176893,0.45115865175643927,0.013947838689614103,0.011391444107368351,0.017077922893521454,-1.8554930839957724,0.08792813238989869,0.8202962670568248,0.3063037597940369
3968,39,38,true,0.04521330511677397,0.038013055407853984,0.05377739141590108,-1.3447337446464915,0.07533347668855368,0.010608318774049759,0.009149105822222855,0.012300265118642474,-1.9743534384367836,0.06426791071541876,true,0.03793392461232147,0.020816027288620295,0.06912859099103659,-1.4209722232265016,0.26062992822040654,0.010590587881195643,0.009134732370528935,0.01227847156542732,-1.9750799316325571,0.06422424045612922,0.9473200781705048,0.17500014376191206
3972,39,38,true,0.03618405846796748,0.028917010203216978,0.045277367127934724,-1.4414827235073528,0.09736388826322297,0.025125890142285286,0.02207095723949981,0.028603669002282752,-1.5998785434208191,0.05630028722281265,true,0.06781255800458894,0.0365102565956896,0.125952087218928,-1.168689872990276,0.26889524180854557,0.02654829380167841,0.023200153032985425,0.030379623047233843,-1.5759633848019674,0.058545765601877554,1.2351885911869447,0.20178791043798983
3979,25,24,true,0.03822050866418389,0.029687269428044918,0.04920652221281634,-1.4177035373600695,0.1097262086904964,0.02033995469010541,0.017655575791729987,0.023432470380792006,-1.6916500188596415,0.0614680955995871,true,0.06114599542036948,0.02876430081318065,0.1299817012842044,-1.2136319805538687,0.32751419754795214,0.020511489745719303,0.017789753010410036,0.02364963759432492,-1.6880027957579407,0.06182728577930551,1.1512244850048687,0.2175836938147058
3984,38,37,true,0.04099289337270244,0.034649458712666135,0.04849764958814419,-1.3872914270981918,0.07301211836778884,0.005697385405381925,0.004905464863458615,0.0066171507412597745,-2.244324401261371,0.06499542941435714,true,0.032343381848361025,0.017914072498196734,0.05839511643676732,-1.490214571897335,0.2565911006322217,0.005690801293862027,0.004900479897821302,0.006608581208673016,-2.2448265784201133,0.0649348095574278,0.929822135082088,0.17113056606395405
3986,12,11,true,0.039011737223832554,0.027709035021581636,0.05492488785827415,-1.408804709777274,0.14857388865917212,0.015507912591108518,0.012744789097829844,0.018870092795369456,-1.8094466555179498,0.0852206913700997,true,0.0757031074803913,0.03188355196057197,0.17974661321532592,-1.1208862931037897,0.37554700926161805,0.01595524785475343,0.013049362385906454,0.019508227802881313,-1.7970964449260864,0.087314263249997,1.2252351611050905,0.24994289734738495
4007,22,21,true,0.05230096114451026,0.042010906370126055,0.06511143826653326,-1.2814903299487563,0.09514761866564266,0.0034467039592789867,0.0029650853492459335,0.004006551847126644,-2.4625960169613146,0.06536678409959731,true,0.09532497646950547,0.04263210462893676,0.21314573179068488,-1.020793293257703,0.34946993365013096,0.003447602681464771,0.002965750267392248,0.004007742789379996,-2.4624827901762005,0.06538263159392113,1.1766109334268207,0.21538432735117388
4014,36,35,true,0.048742031633829966,0.04096828912055325,0.057990843620593875,-1.312096372792389,0.07545579947652074,0.007071332732624119,0.00609068297117496,0.008209875124371317,-2.150498727097291,0.06483527846656029,true,0.06967681584480588,0.038808745038695976,0.12509702803917622,-1.1569117043354602,0.2541586965107516,0.00708972099539122,0.0061039501517930524,0.008234691067672929,-2.1493708554440443,0.06501816628174116,1.1062033453968045,0.16006278183728137
4024,18,17,true,0.06073877068753356,0.04486533373799817,0.08222825859664258,-1.2165340021613062,0.13155509517035194,0.03267679721328014,0.02815263379484359,0.037927999344537514,-1.485760517034463,0.06472045183999152,true,0.15430520822127952,0.07194737508602149,0.3309376784871536,-0.8116194150671879,0.33136563108620043,0.033432284613835496,0.02887784705949449,0.03870502022528778,-1.4758339446374595,0.06360124337056959,1.3405986975367281,0.21690296022827957
4038,35,34,true,0.038516492425145786,0.031193490594098407,0.04755864638685176,-1.4143532695683732,0.09158275481093239,0.023221011724798,0.020368488782177042,0.026473018754097927,-1.6341188622492562,0.05692232956099177,true,0.14545297345506,0.0713019816144332,0.29671780514211965,-0.8372773961637404,0.3096210039667979,0.023877941761334995,0.02100892270127035,0.02713875960537615,-1.6220031113876892,0.055593105453814774,1.4375011209794626,0.1867961527854695
4048,13,12,true,0.05648952707235251,0.041609510918309923,0.07669079973381386,-1.248032061141304,0.13277532776960596,0.014395646486942552,0.01191255646819878,0.01739631944916657,-1.8417688268326309,0.08222620086251739,true,0.1722695699295037,0.07286322016269989,0.40729471820528057,-0.7637914304965385,0.37370020869160947,0.014520698966238069,0.012007691359914403,0.017559636748492376,-1.8380124779972113,0.08252800552646157,1.357214642885445,0.22210617461562324
4073,34,33,true,0.12603537377237642,0.10577058844407153,0.15018272731215937,-0.8995075463263632,0.07612753315979581,0.005964836301496066,0.005134274419324224,0.006929756611709944,-2.224401470574106,0.06511945207659765,true,0.09449664577190213,0.052432892013772624,0.17030561769880614,-1.0245836068199154,0.255812580650711,0.005961805934964971,0.0051320341043356865,0.006925739245605502,-2.2246221649598064,0.06508830127425043,0.915102424056677,0.17000862507333336
4137,31,30,true,0.038292916917676126,0.030559642475554875,0.047983136165189115,-1.4168815505235284,0.09797018045639043,0.020821489872252838,0.018138132746812984,0.023901823112222137,-1.6814881979691831,0.059919226004398383,true,0.06511699948977787,0.03312550856608278,0.12800478561990433,-1.186305619406549,0.2935318260033647,0.021104316370658946,0.01836400371474293,0.024253543856304866,-1.6756287113256876,0.060403916729523506,1.1725453193743964,0.19504708161340178
4144,31,30,true,0.04305839984361303,0.03559771246419211,0.05208272298275983,-1.3659421136672392,0.08263579555365562,0.008834761687054927,0.007621685366221131,0.010240912648136863,-2.0538051608592998,0.06414382261512182,true,0.09253470325598606,0.05098217150715357,0.1679542289694727,-1.0336953634111452,0.2588863069563995,0.008929325730772944,0.007691520637704235,0.010366332193843326,-2.0491813342201275,0.06480645611139393,1.2332194477548248,0.15602740833536416
4167,30,29,true,0.054017151158920425,0.0419188058444846,0.06960724573478208,-1.26746832404686,0.11012277369831387,0.02734269688220072,0.023748491549330668,0.0314808656894665,-1.5631586520470946,0.061205318522844575,true,0.05361320878705236,0.027466509535236005,0.10465021602969293,-1.2707281991763553,0.29046832836713055,0.027334182171862488,0.0236898496941613,0.031539141220837404,-1.5632939155006336,0.06214377925162984,0.9974836022630869,0.20739408520902441
4168,11,10,true,0.09006597840087155,0.060159920326649304,0.13483861716008466,-1.0454392288106196,0.175253518767355,0.030396859654612297,0.02467868046137682,0.037439970840752505,-1.5171712816912668,0.09050678351734491,true,0.09280419973051472,0.03485119051348586,0.24712554609256657,-1.0324323699177986,0.42535001193492944,0.030415326041621695,0.024672074638166782,0.0374955114957,-1.5169075236916634,0.09088680610418316,1.0096588358691947,0.28699789676703835
4197,10,9,true,0.018787671415219212,0.005586525329607019,0.06318356695450177,-1.7261270439648913,0.5267311838140141,0.0389982550040683,0.031230180453433086,0.048698530436930336,-1.4089548252570605,0.09647068107617929,true,0.012331767818457006,0.003904580540366799,0.03894720468848264,-1.9089746607304932,0.49945095375496296,0.036430478970166366,0.028823385076184684,0.046045243974217165,-1.4385351188285531,0.101719897282736,0.7499529866853419,0.3728198993167507
4303,12,11,true,0.016787251712147004,0.008215015859071905,0.03430447669017894,-1.7750203976049492,0.3103711962185205,0.025667174150764478,0.0211661471919648,0.03112535422298162,-1.5906219427147974,0.08373624534745451,true,0.00960788466252099,0.003946302990425281,0.023391880428917086,-2.0173722190451318,0.3864373543676049,0.02334516179768167,0.018767181054302837,0.029039874330779248,-1.6318031117697214,0.09479784440496741,0.7226190901960885,0.3112702967573341
4321,16,15,true,0.033568190986506,0.024657670236739357,0.045698698834393606,-1.4740720625573858,0.13397589726426823,0.016541081964146942,0.013944380296283549,0.019621337537498815,-1.7814360863378649,0.07416469515936254,true,0.04939607578500008,0.02089201250028552,0.11678972061327869,-1.306307551736579,0.37371217124764167,0.016642871664187223,0.014016289125410739,0.01976166264496124,-1.7787717357190393,0.07459521681858561,1.1231334786850806,0.2457029728803008
4352,17,16,true,0.0404924314423224,0.031157564507842045,0.05262404266862707,-1.3926261444397992,0.11381035271317996,0.011781431436092739,0.009989700028091223,0.013894523989012688,-1.9288019398520737,0.07164561277286102,true,0.20774986008022975,0.09685130110443756,0.44563164223074675,-0.6824592600415871,0.3314352805338248,0.011812522946772932,0.010022488920802076,0.013922260176154961,-1.927657334830009,0.071367080330962,1.5336190851671205,0.17236283755651147
4371,22,21,true,0.04394617246704607,0.030339128475572654,0.0636559509630708,-1.357078944226793,0.1609179547241424,0.04109475299898347,0.03598592067626114,0.04692887363477959,-1.3862136255462532,0.057653756147619674,true,0.061031248907822404,0.027322862616805884,0.13632588193586628,-1.2144477428039178,0.3490260587621985,0.04163638307961247,0.03640206449484384,0.04762335378527207,-1.3805270043486118,0.05834698086789777,1.1292494561256365,0.26835095966220673
4378,22,21,true,0.045106953688528205,0.036119344655767466,0.056330957564429164,-1.345756502118335,0.09650363594578644,0.005766269613948218,0.004961500114423638,0.006701575026488751,-2.2391050551298304,0.0652819391628454,true,0.07625856004113511,0.0367688888514763,0.158160014109698,-1.1177113995880945,0.3168080946377904,0.005779213024341395,0.004970908926137684,0.006718952947437712,-2.2381312969523948,0.06543289670566443,1.1566726860577037,0.1961466414126996
4379,22,21,true,0.04653478243627235,0.03706910332419485,0.05841754405151196,-1.3322223122001882,0.09876560692439165,0.010102981166036222,0.008714065747872419,0.011713272701230598,-1.9955504566212046,0.06422871100255463,true,0.13766439464273916,0.06981702750392206,0.27144503611654347,-0.8611783706341833,0.29486027480637506,0.010221055866541375,0.008803155774958315,0.011867333226584254,-1.990504237926692,0.06485737515440948,1.340258227273747,0.17034927331265304
4407,21,20,true,0.03183988348483877,0.024680245243327844,0.04107650350849644,-1.4970285301926651,0.110621998915546,0.01193809544984067,0.010238621934905701,0.013919658707548428,-1.923064953072642,0.0666935401255246,true,0.030571989982552776,0.015347958281028553,0.06089712744714809,-1.514676291391223,0.2992730985844343,0.01192620054979413,0.0102216428227172,0.01391500975144619,-1.9234978918763586,0.0669814068940876,0.987381491812149,0.1999048565268528
4414,21,20,true,0.06682004857136968,0.048561183033481996,0.09194419518160685,-1.1750932130099172,0.13861752863756954,0.024234077784682263,0.020589735466695857,0.02852346146088083,-1.6155735024790465,0.07077573060628668,true,0.021704123599653895,0.01139899707322942,0.041325476110118504,-1.6634577460389957,0.2796756118107599,0.023009837542798284,0.01967676524312671,0.02690750320004516,-1.638086447585825,0.06795984818307785,0.6383456777498044,0.20206159136366067
4428,20,19,true,0.04169614778022407,0.03170093078813781,0.05484282942130017,-1.3799040667306013,0.1190239193097696,0.020500111667885634,0.017649845770054313,0.02381066576280274,-1.6882437732557356,0.06501531200665565,true,0.10646478945538228,0.04762981123969981,0.23797598812088666,-0.9727940004283715,0.34932713919628006,0.02055063440336536,0.017676952022988027,0.023891481621467647,-1.687174766798706,0.06541784999669152,1.3007938975014457,0.21343409736832514
4429,16,15,true,0.0450357253968201,0.03473379254920982,0.058393178894710934,-1.3464428376210347,0.11280495628475372,0.003742734909489167,0.0031373232124507497,0.004464973371923115,-2.4268109320154427,0.07662980521507254,true,0.0845948820383742,0.038305034607537855,0.1868238507133001,-1.0726559108348261,0.3440882301162663,0.0037464327021626736,0.0031398991537721186,0.004470130187134211,-2.426382064304876,0.0767022359224214,1.1893120380330326,0.20917165034548144
4431,20,19,true,0.06700019617443302,0.05296373681118147,0.08475660060422337,-1.1739239256969491,0.10209745551445207,0.009260048324524109,0.007919267108918776,0.01082783214572353,-2.0333867469012836,0.0679282615698424,true,0.19033642992416405,0.08828627043696777,0.4103464375261074,-0.7204780808624087,0.33362874825620675,0.009310992737047928,0.00795693843292377,0.010895470221390592,-2.03100401211887,0.068249990175073,1.3161265032869962,0.19536640686482665
4438,10,9,true,0.050524182353737436,0.03374880417304613,0.07563802822241776,-1.2965007060587403,0.17524090492971844,0.02727686884444743,0.02222150056324276,0.033482328155097905,-1.5642054845150009,0.08902113305241861,true,0.11522356047759186,0.04003716858985514,0.3316035912813609,-0.9384587089404233,0.45907793427231525,0.027023129368866236,0.02205785084865393,0.033106104755941994,-1.5682643596465151,0.0881724445810859,1.2703065079005502,0.2941103428528489
4474,18,17,true,0.03368678931189618,0.026347067979811824,0.04307119771405347,-1.4725403796562757,0.10672732834880391,0.004467243639612541,0.003783676488334838,0.005274305506082333,-2.3499603608360147,0.07212564286586905,true,0.07083664151255444,0.03475526229325777,0.1443761160091019,-1.149742037644884,0.3092373919354513,0.004481271235569959,0.003793561836332974,0.005293650862472472,-2.348598768975516,0.07235406342067675,1.2263798367783554,0.18433767301635232
4527,16,15,true,0.04089860076419669,0.030924587049644032,0.05408950301531688,-1.388291549958018,0.12140454103777791,0.01292109188199552,0.010881717242661902,0.015342671721741027,-1.8887007852349602,0.07460177802763811,true,0.09443920384622523,0.04230277295767872,0.21083164529265128,-1.0248476828242359,0.3487834807523264,0.013023142849809743,0.010956832259733113,0.015479131711256281,-1.8852841956741597,0.07503079132424721,1.2636990375249952,0.21268446326009538
4534,15,14,true,0.03240742261871121,0.024138408600864244,0.043509125152109356,-1.4893555072887181,0.12793585821114845,0.011726619002810123,0.009805357785157101,0.014024332028478269,-1.9308271848220928,0.07770937002626983,true,0.048917184248162035,0.021527857386794587,0.1111532314514707,-1.3105385496054989,0.3564606426516841,0.011793165315536158,0.009850251461074974,0.014119309411456097,-1.9283696135163908,0.07818306900495099,1.1282496857499147,0.2276240616925179
4542,10,9,true,0.08906183727186008,0.05665969281237172,0.1399938909747728,-1.0503083499773047,0.1964174344138771,0.03547671084210664,0.0286941728193148,0.043862460162198934,-1.4500566517867544,0.0921496385651895,true,0.07825242135918022,0.028345671772939833,0.21602738850664396,-1.1065022152299357,0.4410110308403683,0.03529888586837633,0.028465176233176428,0.0437731821275858,-1.4522390019451008,0.09344712110146157,0.9562496464875142,0.3108910254822485
4577,14,13,true,0.0372765185672532,0.028189824972860815,0.049292212272780085,-1.42856465526746,0.12134296533332876,0.0031549212375902745,0.002611402358120808,0.003811564305456479,-2.5010114784188633,0.08211472963217362,true,0.02431133712670467,0.010497836986631027,0.05630122792352162,-1.6141911542467637,0.3647090211157692,0.0031531983921398226,0.0026102461961012885,0.0038090890104710046,-2.501248703561957,0.08206982489833567,0.8754482241126522,0.2391386863561352
4620,11,10,true,0.05940735892572837,0.043082970385476725,0.08191715341243098,-1.2261597546335516,0.13953460697193626,0.006433677960736699,0.005200613057008023,0.007959102445949436,-2.1915406816024214,0.09240477638158293,true,0.06995940173400399,0.025810264574533875,0.1896268004865328,-1.1551539130974737,0.4330536304922803,0.006435286595057709,0.005201593978212249,0.007961581341026307,-2.191432107053222,0.0924314435690084,1.0487323497665062,0.2774162701186295
4633,11,10,true,0.06038546678896337,0.04304405490527407,0.08471331540082704,-1.219067572187259,0.14701925112013284,0.013687053360245985,0.011099725274530358,0.016877483455927,-1.8636900396036,0.09099773054956332,true,0.13960723917817788,0.05934556164439987,0.3284185150650124,-0.8550920612714383,0.3715196943835844,0.014029477611800189,0.011315453476440489,0.01739446346271564,-1.85295849964422,0.09336953699482387,1.277217781888784,0.23254773523079095
