track_id,track_length,n_points_used,at_min_points,D_um2_s,D_stderr_um2_s,intercept_um2,intercept_stderr_um2,r2_normal,D_negative,intercept_negative,alpha,alpha_stderr,n_points_used_alpha,D_alpha_um2_s_alpha,r2_anomalous,alpha_corrected,alpha_corrected_stderr,n_points_used_alpha_corrected,D_alpha_corrected_um2_s_alpha,r2_anomalous_corrected,offset_um2
0,106,10,false,0.08746702962391555,0.0035251436641488385,-0.012003387700756114,0.0028531685918161643,0.9871723280312135,false,true,1.2612850086209975,0.03049204395504456,10,0.10433574787870592,0.9953461675636729,1.3112315099496612,0.024675554652823492,10,0.11100879043999638,0.9971748831815218,0.0007798350551760711
1,200,10,false,0.060108480497451176,0.00031253356701342605,-0.0014323995563670896,0.0002544211925545662,0.9997837690245902,false,true,1.0699661006889152,0.008113171449550366,10,0.06494082743016547,0.9995402396228111,1.0824755763468226,0.009593060668587653,10,0.06588562460770783,0.9993720929281311,0.00022596643238702023
3,68,10,false,0.06370204513634323,0.0020597869513286566,0.001582192758097644,0.0016549261474919853,0.991705114524501,false,false,1.0511855593945958,0.032107767487527715,10,0.0719517499131932,0.9925916405384361,1.0632653899487332,0.03382146291854991,10,0.07297680050217509,0.991970469483787,0.0002439366921266226
9,200,10,false,0.0446169511065226,0.0003270653242704021,0.00034115052921758417,0.00026625092030689595,0.9995702928767191,false,false,0.9853761916887088,0.004223184009117603,10,0.044065842882654326,0.9998530728507865,0.9901136661559035,0.00422547648721901,10,0.04429019509431957,0.99985431729991,0.00008060002546006223
12,200,10,false,0.039969967185003306,0.0018862172818049742,0.004466971595583262,0.001535494746499464,0.982496026568523,false,false,0.9165891811968804,0.030922067176928972,10,0.04075362632394274,0.9909772019837088,0.921665523198504,0.03159197863486028,10,0.04097209802554491,0.9906881934699767,0.0000951530683012873
13,10,3,true,-0.010333478007226305,0.025429975494238286,0.01771933776438368,0.006987646426676891,0.1417197211948119,true,false,-0.1623019983736157,0.4193356391040497,3,0.0023219208559795645,0.1302867555708831,-0.17334095042278858,0.442483550866554,3,0.0021284134820859805,0.13304661571147447,0.0007807382699067533
15,186,10,false,0.05712453512316956,0.0008709671292447974,0.000017607604900049266,0.0007086824279320278,0.9981437295900303,false,false,1.0612862727951813,0.020523958195275315,10,0.0632269232131978,0.9970170243374974,1.0660046539619372,0.021151308702362655,10,0.06357417274303034,0.9968603546216706,0.00008389369992512362
16,119,10,false,0.05767099692911544,0.0007774884098129759,-0.0025895164177435325,0.0006301458309525667,0.9985481160207987,false,true,1.0794112950370855,0.00886933210071687,10,0.06110749599994466,0.9994601620742833,1.1104091235345686,0.009945743963976838,10,0.06334671675233085,0.9993586134420436,0.0005054625000031025
17,25,6,false,0.061054693710652724,0.001827863806915898,-0.0014519357253859834,0.0009097510705057729,0.9964276392395954,false,true,1.1417941462187566,0.03868767531919255,6,0.07751140347552105,0.9954286992619358,1.151386632262257,0.04021360452111114,6,0.07868274009591304,0.995144323993849,0.00012010202291492234
20,84,10,false,0.06191530046623527,0.00047820117345725137,-0.002430519369172391,0.00038574001194116066,0.9995230113013921,false,true,1.134411451482818,0.018783751444544167,10,0.07249374281630935,0.997811422550459,1.1460495848887795,0.020527557618840682,10,0.07352401709592958,0.997439973274161,0.00018187309091452893
21,63,10,false,0.08329218986210506,0.0029968309387616862,-0.003502212896871754,0.0024036833190261954,0.9897498234358151,false,true,1.2145104224007792,0.03742320162192624,10,0.11031546907513565,0.9924615326811829,1.2388184374899245,0.04067596014183079,10,0.11377949188854404,0.9914489265021835,0.00041932508989191657
24,82,10,false,0.05666176380797459,0.002018075405133641,0.0012247412460069866,0.0016272175772422607,0.9899538527963098,false,false,1.0763612635361706,0.0374207863476087,10,0.06637377598398138,0.9904231984026663,1.0814999462547759,0.03820782930000577,10,0.06678215622361007,0.9901138578377957,0.00008694007500608624
25,200,10,false,0.050450372382704445,0.00070044609524836,0.001141083181528134,0.0005702054104979432,0.998460281014044,false,false,1.0011790726213243,0.01577268160117826,10,0.05234124384283483,0.9980183995977823,1.0033907562332578,0.016078525151438323,10,0.052469833799700216,0.9979500134930708,0.00004069751577270084
26,144,10,false,0.04710916320002348,0.0010194613317670567,-0.0007156328535481098,0.0008278422686238146,0.996267526808164,false,true,1.040867563766346,0.01599604490751477,10,0.04922394858818412,0.9981141615596283,1.048339759951934,0.01657373685732217,10,0.04964225625841729,0.9980044655247591,0.00011370583181221702
27,191,10,false,0.06127285471443479,0.0011994103557400044,-0.0024826068291870463,0.0009761018273161703,0.9969439525757877,false,true,1.0626652390609763,0.01135725585810142,10,0.06366663525241742,0.9990870495922166,1.0727267693086404,0.011660736506672391,10,0.06440222362083721,0.9990556056612173,0.0001856452321294558
28,64,10,false,0.03596034332077088,0.0015832796811930294,0.003565264781596645,0.001270373004630405,0.9847287626130468,false,false,0.8671444496270065,0.03575087406054897,10,0.0332385846280533,0.9865842609884529,1.0058348639483576,0.05544063378205487,10,0.038621753180472465,0.976271856523616,0.0020995343402241324
29,200,10,false,0.04715854543079347,0.0010228927592448947,0.0011812288579094135,0.0008326964624933776,0.996250288509479,false,false,0.9998254442595699,0.014572875500578704,10,0.04894742943044253,0.9983033406643051,1.0024426512109181,0.014810186869506647,10,0.049088319078316366,0.9982568518850635,0.00004599109576650909
32,200,10,false,0.05738126632513997,0.0006368033704368233,-0.0017420837222854515,0.0005183963901142937,0.9990156880779691,false,true,1.070187124583717,0.008836850506079186,10,0.06139083999042068,0.9994548340377125,1.0750773483963405,0.00936841233297779,10,0.06173761013783746,0.999392874035005,0.00008424446551995283
33,54,10,false,0.04713583556231331,0.0015403328023840086,0.0006165471807350127,0.0012305527404049652,0.9915292430199545,false,false,0.9382781314753104,0.020353921289205552,10,0.04340430471104553,0.9962494834257336,1.0559734065118334,0.021135478043807162,10,0.04927649272280436,0.9968053848234139,0.0020359238950829325
37,200,10,false,0.06189496364298523,0.0019491294244383152,-0.0054441845153749445,0.0015867090288816503,0.9921290188801843,false,true,1.1326337707472458,0.0179744315811416,10,0.06623749958067417,0.9979893004082134,1.1402163783229304,0.017191606406750423,10,0.06682612095331496,0.9981846546992312,0.00011930601222376121
38,200,10,false,0.04073025558742853,0.0006749223256590329,0.0021508571156647165,0.0005494275210716673,0.9978081524064295,false,false,0.9237824750851451,0.017942964383774875,10,0.03885275356434756,0.996990944813407,0.9402422018455617,0.019697707949312318,10,0.039525755877768284,0.9965011951599347,0.00029254626992356264
39,55,10,false,0.05044037504476827,0.0024599132630225185,0.0011703366762192316,0.0019662079171255606,0.981328155560416,false,false,1.004881122174335,0.02903620181356415,10,0.0525040855369245,0.9933648762933076,1.0162082673253048,0.029279045772455457,10,0.053156529554956256,0.9934027380366973,0.00021251357642502745
40,200,10,false,0.06302539775508323,0.0005460446876944784,-0.0007502151248043627,0.00044451334286709366,0.9993998574041908,false,true,1.072356826800643,0.020165827978538272,10,0.06973471915123108,0.9971789125599783,1.0803184606736709,0.021336259196002183,10,0.07038870060089635,0.9968892160664609,0.00014889596995996973
41,200,10,false,0.06234471357429559,0.00016861020778722983,-0.0017213764073596449,0.0001372588888676312,0.9999414896043779,false,true,1.0907426178830877,0.013222940193818651,10,0.06929099965954061,0.9988256672205248,1.1094246281480382,0.015941013908935056,10,0.07083667676919074,0.9983510422091931,0.00032637868406235206
42,137,10,false,0.0437722936290229,0.0016830820625038522,0.0029485530906749103,0.0013660981596964306,0.9883105149917432,false,false,0.9716760188863343,0.0286256538690498,10,0.04609062682619226,0.9931047044061624,0.9777991600043724,0.02947360886545072,10,0.046402918598617,0.9927837435919454,0.0001065880394579927
44,86,10,false,0.03857376349738514,0.0011442195134681908,0.001323626680876042,0.0009233372336343815,0.9930099823183188,false,false,0.9551261231294387,0.026838030146865737,10,0.037748247117466716,0.9937232437835068,0.9641239159084536,0.027832775866133745,10,0.03811637053407268,0.9933770505237528,0.00013812741663414994
46,115,10,false,0.09414751196883911,0.0014891660416809695,-0.00811959896726772,0.001206485126326422,0.9980024844770434,false,true,1.198317239916857,0.010455050629994052,10,0.11242068244128928,0.9993913967612685,1.2012572515041675,0.010352495140322228,10,0.112824618034672,0.9994061865278895,0.00006113054474377019
47,200,10,false,0.057048220167932345,0.0012188217640144606,-0.003147822228689832,0.0009921945014587758,0.9963616607040502,false,true,1.0724637327807298,0.014237592452046255,10,0.058686922310648905,0.9985920540658177,1.090553982737998,0.012751011094160453,10,0.05990476713567963,0.998907528328776,0.00030316246981005354
48,61,10,false,0.07493230304769824,0.0014497893266548325,-0.0039297983496619894,0.0011619438790426793,0.9970141845657849,false,true,1.0579388229623188,0.030796033336319143,10,0.07542688695440222,0.9932667561961666,1.2050058963607946,0.020461818673951193,10,0.089348550105125,0.9976985610846585,0.002964978604818786
49,112,10,false,0.05980449782841638,0.0006460634622030386,-0.0012337459667598248,0.000523262264856264,0.9990672454577076,false,true,1.0652860639367339,0.011023520379285326,10,0.0644136134751457,0.9991440936669704,1.2666784637897415,0.03567056804216628,10,0.08239620721632689,0.9936957893839884,0.002912093262915104
52,33,8,false,0.05370404649868486,0.0013815042350528697,0.0007147050575900938,0.0008904272704372836,0.9960452345337634,false,false,0.9334305289304043,0.03700407038508859,8,0.04851724012693905,0.9906586364303731,1.0142430858605738,0.03360054038010624,8,0.053349704281998644,0.9934580204370087,0.0015688622390898654
55,200,10,false,0.047914909532527285,0.0006343966612760317,0.001074693796578468,0.0005164371835539491,0.9985995687491549,false,false,1.00358588163436,0.01856883126265755,10,0.04990598688098228,0.9972687450049659,1.0090637991300253,0.019329250792462813,10,0.05021220586203079,0.9970730872848582,0.0000942712442926488
57,59,10,false,0.10979992396826131,0.0034064081942990813,-0.013196199676425366,0.0027278255137133983,0.9923590366832149,false,true,1.2690282472897858,0.008690208158392373,10,0.13771058498441238,0.9996249882536028,1.302755915023155,0.006497238110137733,10,0.14371883739770028,0.9998010540804989,0.000651069638962089
58,88,10,false,0.043173361829284135,0.00138150473848384,0.0016689189193516056,0.001115224010650012,0.9918750633922647,false,false,1.0041555426399977,0.02513518026710807,10,0.04605776450982285,0.9950125269216432,1.0069056931003104,0.025501060628276076,10,0.04620013027392921,0.9948948785653983,0.00004325224600405979
59,23,5,false,0.03974506057591054,0.00029960298020526683,-0.0006138794620204645,0.00012753715648466756,0.9998295593590862,false,true,1.0618052364489348,0.009835040840648556,5,0.04375986060188486,0.9997426808560906,1.5124328208100566,0.09393788592915543,5,0.0962562099063669,0.988559280181201,0.002633618449272728
60,98,10,false,0.04933214918258762,0.0010337763090699087,-0.0010667716997435107,0.0008358448375792929,0.9964992584831024,false,true,1.039801425942335,0.017087783242386603,10,0.05094839499810885,0.9978441262348238,1.042973526853774,0.017354910512141983,10,0.05113175680578023,0.9977898220409811,0.00005020996909449047
61,200,10,false,0.057763592592902396,0.0003106589036371619,-0.00038979458939993625,0.0002528951033847363,0.9997686610691625,false,true,1.0247192363258237,0.008722743607430292,10,0.05956308824554947,0.9994206583583604,1.0490805817004054,0.011678386398989412,10,0.06122178120962149,0.9990096068319658,0.0004647986829618815
62,10,3,true,0.044943866346983115,0.03555701460793388,0.009087018149289958,0.009770353342445066,0.6150413762467886,false,false,0.6291874664328486,0.3437500617129389,3,0.029269556080702135,0.7701270692996967,0.7357903355460685,0.39619774554341247,3,0.03427068600290276,0.7752267633997769,0.00247572288537145
64,32,7,false,0.12606542919792407,0.0025464648461761344,-0.0037040099776705516,0.0014596527907104744,0.9979640446206822,false,true,1.0495295404386316,0.022693855957810715,7,0.1302131967521343,0.9976677066534705,1.0614734090188336,0.021667387013702404,7,0.13233316605594023,0.9979209688537746,0.000407473869362745
65,16,3,true,0.04319661265626554,0.002776788410991483,-0.0012567028758983282,0.0007754807091250153,0.9958847589604649,false,true,1.12379116463224,0.04542820793223438,3,0.053080087951316295,0.9983685608509819,1.139372071347709,0.043604560167297475,3,0.0546974932370035,0.9985374960131146,0.00010809879833949168
66,29,7,false,0.0744703263211554,0.0014833696247440597,0.00021373808821187532,0.0008471810544089085,0.9980201077975001,false,false,1.0196389625089666,0.015555893560641338,7,0.07787735223279033,0.9988375829797,1.2848400658893098,0.0591278099733742,7,0.11487126002642305,0.9895219400867761,0.004284872939544274
68,144,10,false,0.058687400717337405,0.0010066068600192866,-0.0038352845213316263,0.000817403937397274,0.9976519946402057,false,true,1.1129933124102969,0.009863423284536616,10,0.06336702508228323,0.9993721043963223,1.123672224045983,0.008738618507731145,10,0.06415911174258469,0.9995164001243659,0.00016869063808816858
69,200,10,false,0.058475301108009865,0.00047032319158221757,-0.0024774573486607424,0.00038287147339689456,0.9994827349464253,false,true,1.1139936139681432,0.008898249804758855,10,0.06581308006594674,0.9994898332468096,1.144366311146668,0.011746463428162164,10,0.06823354554716321,0.9991578136282627,0.0004682952942131999
70,200,10,false,0.05650846951791067,0.0008323935837481291,-0.003328561092928637,0.0006776186323783597,0.9982671254868108,false,true,1.1047888944565813,0.006710123006357943,10,0.06090420409000583,0.9997049713433631,1.110806877929874,0.006089312026390649,10,0.06133075812865051,0.999759649556174,0.00009388982321069217
72,200,10,false,0.043301624155421034,0.0005883491732625974,0.001022926685302854,0.00047895174822464004,0.9985252752391252,false,false,0.9969058547382851,0.018055540651196102,10,0.04468440294365887,0.9973826337942482,1.0019897120265635,0.018756359699356503,10,0.04493730986979422,0.9972045943506634,0.00008038577840141427
74,44,10,false,0.06680791036156802,0.0013385510172119566,-0.005751174305392722,0.001062233760331389,0.9967988090653487,false,true,1.1857498593330453,0.007631485233753007,10,0.07819588307157875,0.999668733080902,1.207506582043976,0.006519868615588009,10,0.08029801564190199,0.9997668221024357,0.0003211978231952689
75,28,6,false,0.027101970167074853,0.0009527773679445921,0.0021990314598166433,0.00047614471049289435,0.9950807436766947,false,false,0.8283697973739523,0.009238511348746762,6,0.022433879020704515,0.9995027217622832,0.8813226286746472,0.014213728177163036,6,0.024002997608184508,0.9989606674006389,0.0006089755775219569
76,125,10,false,0.044497054132366806,0.0003076200750138978,0.000787419824614822,0.00024945540781928105,0.9996177999009899,false,false,0.9695951577720595,0.0048405694105722345,10,0.043484365748344404,0.9998006503717781,1.127670633092039,0.023942706371844185,10,0.05205624702444336,0.9964065756235184,0.002276907235878937
78,82,10,false,0.02780453588414961,0.0011491254812981632,0.004816188456086609,0.0009265645757679293,0.9865197060799897,false,false,0.8027072378682865,0.030457379216662105,10,0.02531059169192551,0.9886135783676838,0.8418916037131167,0.03578688176776869,10,0.02626930988472182,0.9857507352043197,0.0006587263192131322
79,200,10,false,0.06613485281083337,0.0016041618900898506,-0.005062628757553634,0.0013058846287372194,0.9953152518033556,false,true,1.1307210987645209,0.011081850661646341,10,0.07208698739400737,0.9992321613208786,1.1337798467029976,0.010849858776900383,10,0.0723465603860473,0.9992679131026991,0.0000519145247720844
82,181,10,false,0.05566901324119627,0.0008590246211804099,0.0013090151546391266,0.0006988333737427148,0.9980987130849203,false,false,0.9879158604836117,0.010012601122793324,10,0.056546458955220556,0.9991789168051812,1.092382718091544,0.023177255502172197,10,0.06367500857483133,0.9964115811550017,0.0019362240186167462
83,200,10,false,0.035692299748869984,0.0015685158828132543,0.0028398083775191757,0.001276866626710158,0.9847854059491766,false,false,0.9546911383402965,0.02774407862170751,10,0.037132297768341115,0.9932891043037151,0.9581504078055141,0.028137810365796573,10,0.03727098856066981,0.9931480027533751,0.00005247061411254888
85,42,10,false,0.10993936672294792,0.004770154076813496,-0.0161928272037632,0.0037786807508115605,0.9851626521555469,false,true,1.3072414037633553,0.03517910247155609,10,0.1379223128028372,0.9942397803621217,1.311523367039014,0.03470172664823291,10,0.13865879363466196,0.994430521447383,0.00008091787146156232
87,143,10,false,0.054291117133490926,0.0010161090950922189,-0.00035457148973950327,0.0008250681715719617,0.9972055406847773,false,true,1.0708761525611195,0.018549125810460056,10,0.0603704335163145,0.9976054869119628,1.1001391183343532,0.0223702858447031,10,0.062482405696758274,0.996703116089033,0.0004677769096887895
88,200,10,false,0.058106272488957014,0.0004966074217244933,-0.0009940356500258364,0.00040426842362556925,0.9994159948708844,false,true,1.078542619915649,0.014296528042603023,10,0.06436337210290118,0.9985963252470517,1.085826017580756,0.015241998646464442,10,0.06491260881127549,0.9984261284859002,0.00012544285329764331
90,74,10,false,0.07122780007452907,0.0013037566503863419,-0.00482291575264098,0.0010492935963914288,0.9973268611697557,false,true,1.1425662176399791,0.010532539063243765,10,0.08044635776297142,0.9993206427031139,1.1564336650124916,0.011448200300172634,10,0.08179716891526488,0.999216601717915,0.00024190539529657685
91,200,10,false,0.04272683885920167,0.001609531349597148,0.003666512019040069,0.0013102556929536957,0.9887750391227431,false,false,0.9384071132266472,0.030476480679514355,10,0.0436772792648792,0.9916326515992855,0.9414461954796087,0.030888671671892406,10,0.04381996197496548,0.9914616615125119,0.000056571618844035834
93,166,10,false,0.06104468614916246,0.0006486871806540051,-0.0014507025983739026,0.0005273839194517368,0.999097446952984,false,true,1.0328015797739791,0.006594259473765393,10,0.062052379855819906,0.9996739781922327,1.112481408414711,0.011219842747275593,10,0.06798787474740303,0.9991869359657419,0.0014632766191645882
94,200,10,false,0.05712769717474561,0.0007081472449858531,-0.001519452146832701,0.000576474611336041,0.9987722493917085,false,true,1.0825116439997184,0.01568746638661908,10,0.06275587650108218,0.9983227360507955,1.0853139604255317,0.016013086828782646,10,0.06296145040166701,0.9982615041867297,0.00004672794819906732
96,200,10,false,0.04290291575859965,0.00024497281540147473,0.0003876612607000947,0.0001994226618071247,0.9997392412468201,false,false,0.9721907970255781,0.008227283460463584,10,0.04154436873418227,0.9994274002568919,0.9869481791463914,0.007938437825676978,10,0.04220065834406413,0.9994826950176006,0.0002459498268090643
97,200,10,false,0.05939973247133382,0.0006358113725478399,0.0003787330288434785,0.0005175888439414504,0.9990842441481529,false,false,1.028795335493568,0.014298405242920476,10,0.06292300680429576,0.9984571040873669,1.0343966136692069,0.015044972459682398,10,0.06332261772923056,0.9983104765279678,0.00011241715888533665
98,90,10,false,0.09347664840142667,0.0012528233675966258,-0.007527881689288201,0.001011697528508399,0.9985650400833286,false,true,1.2064800070112487,0.011675132653469821,10,0.11447892127857306,0.9992514028968157,1.2115743677128405,0.01240958033851652,10,0.11520615435714418,0.9991614292997401,0.00010064421254609656
100,11,3,true,0.04157713102370623,0.004309403602443019,-0.000016691643569005132,0.0011891871923026336,0.9893711919221069,false,true,1.0459299393931818,0.09526373494790992,3,0.046913312006950966,0.991772609145844,1.1024159944360117,0.10704506860147726,3,0.052264867337013875,0.9906595723925862,0.00043343153246759933
102,200,10,false,0.07009287792533668,0.0004576406474125116,-0.004246836240931568,0.0003725471167426093,0.9996590872029062,false,true,1.168438657901635,0.012629852164524351,10,0.08360996677126034,0.9990661675979952,1.1798155395219743,0.01421243242500908,10,0.08478272834418057,0.9988404360524129,0.0001855349674641427
103,200,10,false,0.0853975023532684,0.0009655336782583812,-0.007114696404909629,0.0007860027075541017,0.9989783771670327,false,true,1.2185738744096404,0.009502559623502809,10,0.10604909408402746,0.9995137537753083,1.2211950663820883,0.009817566773863556,10,0.10639550048461875,0.9994832230421461,0.000046612301205834675
104,200,10,false,0.03967234289739705,0.0012600079766976028,0.002536522396064819,0.0010257225651729715,0.9919948349814447,false,false,0.9663570214596694,0.025884901517464257,10,0.041226479027762206,0.9942928129297914,0.9706970024027698,0.02649612946062471,10,0.04142283121470521,0.9940747520633672,0.00006934536997495109
105,38,9,false,0.062446820804478755,0.0014866937048565027,-0.0008506211789775245,0.001068518114661277,0.996048147642407,false,true,0.9955076712581422,0.029449275571061587,9,0.060387342220625875,0.9939115633270557,1.201924027918962,0.02814629753574215,9,0.07772258434484108,0.9961759583812921,0.003556232516275677
106,169,10,false,0.08007241747702419,0.0009595446455365734,-0.0060190079153675064,0.0007802183020511922,0.9988524916990248,false,true,1.1892119929128475,0.009239798610932768,10,0.09628652314497695,0.9995172894972045,1.2127437381353847,0.012755926737678116,10,0.09913264008363798,0.9991157160791101,0.0004072956165786983
108,195,10,false,0.05100244598118693,0.0009257022479966777,-0.0027275669814734965,0.0007534555478195519,0.9973715024908569,false,true,1.0784946137126805,0.009540672572281477,10,0.05315638499130562,0.9993743373897792,1.0871695384693754,0.008607234873451955,10,0.053683740352665654,0.9994988069678216,0.00012998599158327875
109,200,10,false,0.06719580527222857,0.0008125076985822112,-0.0018298085992242957,0.0006614303212562502,0.9988317038397196,false,true,1.1031030045836518,0.015395595984197041,10,0.07621598806755527,0.9984441252622859,1.1154517528819414,0.01705324077409228,10,0.07734153070544142,0.9981336591781812,0.00022881689434627907
111,30,7,false,0.07092863719330043,0.0016207413908742273,-0.0032169451375189018,0.0009268530674800038,0.9973961144465566,false,true,1.100487001619229,0.014879566693633548,7,0.078057107665977,0.9990867620655235,1.228106865798208,0.00585796854875828,7,0.09384104515267805,0.999886252370639,0.0018826555577088392
113,67,10,false,0.014792056581031207,0.0021808874488783827,0.00818635173128093,0.0017516653602290208,0.8518613772809066,false,false,0.5540936072832663,0.06756732922620888,10,0.012659223744916353,0.8936878138042984,1.0216753957920492,0.16753802853906388,10,0.020105134742468896,0.8229605888302692,0.004949277020265939
115,45,10,false,0.07685021438835013,0.000819531075032575,-0.0028590772998036314,0.0006508918414538633,0.999091058894351,false,true,1.0952944482046272,0.008793136371672684,10,0.08463502719697678,0.9994846622398231,1.270128213799348,0.033234995633865755,10,0.10501429403988659,0.9945522930724296,0.0030735799219220885
116,114,10,false,0.058486595283046804,0.001038280208834762,-0.0016680978663705377,0.0008411034019428497,0.9974851453178549,false,true,1.046802029099615,0.007677280147323625,10,0.06037926109974942,0.9995698808154053,1.2238091462823386,0.028119479583870028,10,0.07466660002647307,0.995794218022998,0.0026479281167214514
119,24,5,false,0.04132321043633704,0.0048214688044333235,0.0034907971256327663,0.002055254947922263,0.960761928648422,false,false,0.8701929029372719,0.07006084334673576,5,0.03776917071343621,0.9809244761417084,0.8751215288467823,0.07090134271461668,5,0.03804044023197501,0.980688128788087,0.00007638666161527709
120,173,10,false,0.08360591994815277,0.0007403470394210857,-0.005413609872366537,0.0006020909942724618,0.9993730769171739,false,true,1.1730533926249154,0.012340398616326383,10,0.09977751637905452,0.9991154376030359,1.1760505441652063,0.012767024362830247,10,0.10014425033762038,0.9990580927733526,0.00005801235699105896
122,17,4,false,0.038088247249929395,0.00705765745233163,0.0025292367439866386,0.0024769226160125985,0.9357422643745111,false,false,0.8630102185903159,0.0991675774862275,4,0.032924932871681,0.9742713234219892,0.9101489277425732,0.10612747658737845,4,0.035470453170385365,0.973526668308015,0.000583926986385436
123,46,10,false,0.04609425715048973,0.0005937720158456824,-0.0018364908229526378,0.00047195774857497524,0.9986742560545525,false,true,1.0715744628912596,0.019105758758986482,10,0.048531195923404345,0.9974632902545026,1.5455400993940214,0.06560841792338666,10,0.08935062669877313,0.9857887454534807,0.003914639341045737
124,20,4,false,0.04646760521918874,0.0009435105320765118,-0.001245370742070894,0.00033285621145949154,0.9991761180966993,false,true,1.1497477838048433,0.0388558180385116,4,0.061100984665139364,0.9977209909166164,1.1799084176754029,0.044101817374416985,4,0.06453703897006012,0.9972136569352467,0.0002368538153305889
125,25,6,false,0.05155840125504008,0.0007254558381934675,-0.0008065708011981967,0.00036106859980708424,0.9992087034439754,false,true,1.0901380784825918,0.026930189959511977,6,0.05999715103600793,0.9975648990798202,1.1051578021111168,0.02931863502869879,6,0.061387043245304834,0.99719276985573,0.00017667608653598572
126,48,10,false,0.03629216795377562,0.0008020114038263807,0.0007800292110775872,0.0006384024050423676,0.9961083673511302,false,false,0.9581704578715109,0.017315934327730664,10,0.03500143362614755,0.9973940680251121,0.9845131845811613,0.018652776706411626,10,0.03599873136338559,0.9971365570483574,0.00037618362180817243
127,200,10,false,0.07032479364739037,0.0007315649958533154,-0.0025524723961755477,0.0005955380743732434,0.9991350259626616,false,true,1.0993568511877299,0.008852155890092252,10,0.07806031461308825,0.999481575506535,1.1077140600412296,0.009467447106753997,10,0.0788270819458277,0.9994159544709388,0.00016575706233312468
128,136,10,false,0.06229110236924922,0.0010416924837149434,-0.004672667269568427,0.000845445802307751,0.9977677313036619,false,true,1.1610550472332903,0.003793821217721008,10,0.07154643710264305,0.9999145915198406,1.1685147153487714,0.0040126482081066705,10,0.07219226217691593,0.9999056715235802,0.00011054589837200368
131,44,10,false,0.05235445788705459,0.0020899679109868934,-0.0009098864965766057,0.001658535569069018,0.9874118982310653,false,true,1.0705465247111603,0.026585523725934958,10,0.05704589511489704,0.9950905601689067,1.1004591488023412,0.027522216625879465,10,0.059051006088288095,0.9950210105587614,0.0004689047760951616
132,200,10,false,0.04764317543959594,0.0018528808538016421,0.0029579452496547587,0.0015083568814401474,0.9880447084506707,false,false,0.979403110863067,0.027388610468912097,10,0.0504210057739431,0.9937827478592163,0.9840122570340673,0.027964204702488178,10,0.050678015592591115,0.993580562091915,0.00008634867105012079
133,149,10,false,0.06022347390722344,0.0006670918816403393,-0.000803962877146282,0.0005418679358790199,0.9990193735545642,false,true,1.0787912218714926,0.017410390098781772,10,0.06714325035449496,0.9979206471518338,1.086205656274718,0.01839847173385819,10,0.06772867729032153,0.9977100094188566,0.00013205850899768672
135,76,10,false,0.04496673733131314,0.002713301864412902,0.005566277878675587,0.00218483186003025,0.971696882902671,false,false,0.9179040348205121,0.03796433049999555,10,0.0466286899992556,0.9864996859433,1.088557901537417,0.06311747039487023,10,0.0567109868703807,0.9738085424316582,0.002874815987578581
136,200,10,false,0.04509478465708725,0.0010059059681831748,0.002592883049921666,0.0008188681890029582,0.9960351497689217,false,false,0.9571689611043912,0.020845839308522258,10,0.04575665980937062,0.9962198699269007,0.9614119096127408,0.02143918533218916,10,0.04596680994101591,0.9960375548622693,0.0000786426502812675
137,200,10,false,0.03848219519911289,0.0008168182608792105,0.0014235379481481085,0.000664939379213331,0.9964086422188984,false,false,0.9874436249843219,0.017683878756587605,10,0.03984569476497285,0.9974407804535677,0.9964451096891511,0.018745343995094775,10,0.04024198400392701,0.9971767962638903,0.00013154571890541393
138,200,10,false,0.06176607671447077,0.0020465125601727106,-0.006003691044246469,0.00166598478081131,0.9912939483824901,false,true,1.1725987600815673,0.013511317055342953,10,0.06937747298177385,0.9989389753970056,1.1817947117505379,0.012799189939593872,10,0.07014882410595968,0.9990625167094911,0.00012933587268023453
139,62,10,false,0.061622595576693966,0.0014908580821473862,0.002369589431598741,0.0011953276374954767,0.9953392719730214,false,false,0.9761562616260656,0.015287309722131453,10,0.0627433948909987,0.9980417769967723,1.3073335419013992,0.066822799778772,10,0.09414004413510924,0.9795269334938611,0.005322762103483779
140,22,5,false,0.07389880387162015,0.0021687798609926626,-0.0020887102838014287,0.0009218191279737792,0.9974227493972587,false,true,1.1357102222851765,0.04412171695568212,5,0.09254707545465772,0.995492569734198,2.659074121831871,0.47639849495180003,5,1.8114928286900158,0.912163721907014,0.006865935187305721
141,16,3,true,0.03895238153162602,0.012124593121393969,0.0012583422735244487,0.003386065727735319,0.9116707881421875,false,false,0.9826667729401747,0.23151441395249753,3,0.04176204743644238,0.9474124870624215,1.2075995595849702,0.30040530875300064,3,0.0647973215976719,0.9417235932841385,0.001613085613458995
145,200,10,false,0.03839899070469499,0.0009400269830637878,0.0011399515981467575,0.0007652387177159943,0.9952285121979572,false,false,0.9684801735478713,0.013216471689035494,10,0.03808002566611705,0.9985123764993059,0.9768038880710258,0.01330316308181719,10,0.03841669477726994,0.9985183653874528,0.00012945083748345019
147,101,10,false,0.03745349384636546,0.0009991815357368334,0.0030754672960898875,0.0008082054746790929,0.9943385407480613,false,false,0.9020158008698962,0.015807223029818525,10,0.03586532289676627,0.9975492038765309,0.9098328477451545,0.016719852789856597,10,0.03615149434600564,0.9973056133070917,0.00014033899644548808
150,200,10,false,0.03821906299817791,0.0010485331164211667,0.002804991180417577,0.0008535692612543246,0.9940146848898211,false,false,0.9430112850688482,0.02573107674978486,10,0.038726383599606534,0.9940790275705014,0.9599303283918116,0.02822116483471282,10,0.03944205270690849,0.9931329874842403,0.00027065490578278314
151,22,5,false,0.07904859366883027,0.007536284237697669,-0.003257303110148675,0.003203225504398256,0.9734561513452723,false,true,1.0433558797812323,0.07737503890855205,5,0.07697520159429545,0.9837687817768495,1.0773069501032888,0.07498371928619231,5,0.08111478160601104,0.9856744993496587,0.0006009104888217517
152,66,10,false,0.06752880193660014,0.001703926751883246,-0.0009673572957875514,0.0013681247976961171,0.9949323421051723,false,true,1.1005262950464365,0.02311883733294187,10,0.07784046190217644,0.9964820424487767,1.1190048732721511,0.025509113201191928,10,0.07957780638728619,0.9958598604381683,0.00034527097914121457
153,118,10,false,0.06318028677883428,0.0005921067843274027,-0.0007536684602686499,0.0004798508196652794,0.9992978630402714,false,true,1.0827131367966576,0.02511505355878894,10,0.07111407000446135,0.9957138640113264,1.0893981510951185,0.02615753481392054,10,0.0716802131434207,0.9954089514522704,0.00012140592678935307
154,117,10,false,0.055138495709924636,0.0004807262688945764,0.00041303616658375773,0.0003895492530995467,0.9993922683505109,false,false,0.9986812077412554,0.007328578064978736,10,0.05566209848023667,0.9995693855349764,1.1628070517059794,0.030036609708738015,10,0.0674294667053227,0.99469036816244,0.0026846179487536445
155,200,10,false,0.04647895941586896,0.0005775826022137219,0.0007153365144240248,0.0004701871093663101,0.9987661305632238,false,false,0.9932121682849587,0.007331568458715784,10,0.04704442402704871,0.9995642770465829,1.010391730291611,0.00876824872781723,10,0.04793542252255709,0.9993978917585611,0.0002950769942674367
158,140,10,false,0.05559497777095078,0.0009345493705456137,-0.0027317270475961976,0.0007586950480489617,0.997744500648846,false,true,1.0698964693869744,0.011740378693491588,10,0.057539800502040814,0.9990376068434329,1.0821475026863772,0.010588443951820216,10,0.05834290341136837,0.9992346698155279,0.00020442180154769268
159,48,10,false,0.0710512748724634,0.0011108530440243859,-0.0017130205066918736,0.0008842408618759794,0.9980483091800516,false,true,1.0892465289258024,0.016049861242890828,10,0.07916017279001446,0.9982660902014449,1.1087330586780404,0.018119399730523386,10,0.08099620663381278,0.9978679534594288,0.0003931147127326602
160,109,10,false,0.04446307919819636,0.0022485641274658367,-0.0019552670763209336,0.0018205684311785938,0.9799504066303171,false,true,0.9607483855093948,0.04075861910240672,10,0.03871213753859917,0.9858061211420578,1.079268926615057,0.03347300181073381,10,0.04389408905241986,0.9923635630223593,0.001786952340173981
164,23,5,false,0.02256357395686173,0.002526638567114238,0.0038240108716324737,0.0010755577200649623,0.9637461308771073,false,false,0.6279250272266722,0.05998455656659976,5,0.013997526730575305,0.973352604412174,0.6506934325463194,0.061023112659550106,5,0.014315089678783607,0.974293270749464,0.00036758659518954905
165,200,10,false,0.06573798645383727,0.0007857071744826617,-0.004098491641019802,0.0006396130765754514,0.9988584824534087,false,true,1.1261174507664045,0.00712333598049889,10,0.07290083448214264,0.9996799996369937,1.131359081130697,0.006681961177337453,10,0.07335076364880415,0.9997210182645337,0.00009093828814182454
166,200,10,false,0.057056002950659775,0.0005459541594076534,-0.0009558699649421192,0.00044443964737603324,0.9992680495893492,false,true,1.0578227323639122,0.0086184288526335,10,0.06109879933482694,0.9994692502059926,1.0772989554987855,0.010541142529602154,10,0.06247921510939924,0.9992346495077599,0.000343302956080241
167,150,10,false,0.07414888468584527,0.0015031985927245418,-0.005434157557074758,0.0012210944386347017,0.9967229135037304,false,true,1.1355990256254633,0.00740297234620162,10,0.08194907866812594,0.9996601364474209,1.2038222534495342,0.008248305645302262,10,0.08898566150465177,0.999624567673426,0.0011821603410323287
168,102,10,false,0.04138233383629108,0.0005363901514979495,0.0009541949564288977,0.00043392544935778947,0.9986577349321621,false,false,0.9381852506866636,0.010418213736192403,10,0.038673821767554586,0.9990144671874405,0.9639016076793686,0.008759941772704262,10,0.03970968504044795,0.9993397017321795,0.0004489257473388358
170,116,10,false,0.05361724160178875,0.0007528035712751447,-0.0017908989029345448,0.0006099633590380306,0.9984254370412597,false,true,1.0726244062694932,0.012206329364987114,10,0.05720408317129108,0.9989650601604968,1.0840875464351176,0.011959128677332452,10,0.05795730014796011,0.9990273921959032,0.0001858185237123957
213,33,8,false,0.03798365955200006,0.005112011231631463,0.009197592770576938,0.0032948680806991096,0.9019752261682452,false,false,0.7876263556877784,0.08469801826237677,8,0.03671503139320569,0.9351180759744602,0.7964227426298504,0.08638529597823454,8,0.03707976512802258,0.9340643358024419,0.00019928158890025388
232,92,10,false,0.04528059860552849,0.0008516010752130775,0.00029370297178539295,0.0006879249654768657,0.9971782996696401,false,false,0.9811358530269002,0.015008680662941752,10,0.044359213988131224,0.9981314510920466,1.008789689492079,0.016848962765602007,10,0.045717333325054475,0.9977732732569112,0.0004584839747630233
261,14,3,true,0.04618659185067877,0.0084462387647518,0.003050273391837096,0.0023504229899236053,0.9676399873534896,false,false,0.7192980493036993,0.1594668491648407,3,0.02728176947919146,0.9531525994284199,0.8370485183512821,0.1692836466979823,3,0.03251942819820872,0.9607066075622945,0.0019525955955193735
268,196,10,false,0.04191913522086555,0.0019700768838491556,0.004179927249912405,0.0016035549568691758,0.9826369978137988,false,false,0.9488904431619544,0.03744326535055647,10,0.04439850363218645,0.9876964968026329,0.9706530321721061,0.04075778874724083,10,0.045480369951202415,0.9860908650920788,0.00037756109855753046
293,11,3,true,0.05401936884831346,0.010970749180166292,-0.0031098568849872057,0.003027396739451924,0.9603885680314469,false,true,1.2389311769023204,0.19647710996874393,3,0.07794842932742901,0.9754674693637598,1.243890531233844,0.1963024494366463,3,0.0787126832596525,0.975700155861644,0.000034217662747164157
296,195,10,false,0.042681415147188574,0.001393454757197956,0.004216572233178881,0.0011341726993949297,0.9915450592985516,false,false,0.8950620209667454,0.02045679983883532,10,0.04130865593692199,0.9958385178175261,0.89976709975118,0.021066082610017748,10,0.04150680000160206,0.9956338666515367,0.00009884038090885088
303,194,10,false,0.042009561296959784,0.00046886754885244064,0.0011730460683076526,0.0003816119641106604,0.9990044536834519,false,false,0.9830196394102526,0.016600471738820368,10,0.04264471105600428,0.9977237666879253,0.9883514087215878,0.0173267735018448,10,0.04289476358731263,0.9975473468792015,0.00008479902220398531
319,16,3,true,0.2070150167988325,0.023512371725113165,-0.01420310469830357,0.0065663594051414515,0.9872643060591942,false,true,1.4009999859382123,0.06633819250915547,3,0.43326740700379657,0.9977629361804999,1.4144990392370498,0.0643914889066653,3,0.44562618813813726,0.9979319903270553,0.0002693611333251843
325,11,3,true,0.14223068109960396,0.016653642680212986,-0.009842541687170225,0.004595600785516271,0.9864755924568268,false,true,1.409383282272333,0.06907642517939022,3,0.30325162639359127,0.9976035990456039,1.5659240076208485,0.04425454674826582,3,0.4225141375071839,0.9992019544061563,0.0018917551396058939
335,13,3,true,0.07399608130620712,0.0046120580572531576,-0.0013475297870832374,0.0012805252743720234,0.9961302028752621,false,true,1.1264946423518798,0.07591343916337444,3,0.09615685895799349,0.9954792417728924,1.6604312414820783,0.2018441928020614,3,0.2946869601879315,0.9854380329019345,0.0041997218659616305
357,14,3,true,0.07011739146898599,0.0021540287435201505,0.002280410400901353,0.0005994240537995016,0.9990571517058772,false,false,0.8793872682739039,0.00958134878403717,3,0.05728532412618651,0.9998813025470964,0.9264378739858901,0.015758152979137515,3,0.06213762698197639,0.9997107639710953,0.0008820366700620989
362,12,3,true,0.06604677087330084,0.001781067461768787,-0.00012260606854637253,0.000493151818656039,0.9992733222646484,false,true,0.9972941652665528,0.024096021231574408,3,0.06507313281254791,0.9994165674398473,1.4046966360775435,0.039337246971499394,3,0.14551950293714244,0.9992163856376963,0.003932667560156851
381,54,10,false,0.028313151317735655,0.002172212493491641,0.006119305499685621,0.0017353535758447421,0.9550287828417359,false,false,0.8137253619980587,0.04263228026727873,10,0.02755596084445332,0.9785128923663242,0.8605680373154192,0.04988255907874209,10,0.028869910693397192,0.9738243400606993,0.000784143760179669
392,24,5,false,0.05317467800432379,0.0016893290313432223,-0.0012632742070070777,0.000720112893221333,0.996981251033135,false,true,1.078719897236164,0.026302612700373405,5,0.05930477066626285,0.9982195584086483,1.3255350776093833,0.03641896352186481,5,0.0899474439203703,0.9977405040289297,0.00225537479102911
403,12,3,true,0.03002108573220293,0.002015143263887328,-0.0006263774866063016,0.0005579640225708141,0.9955145432467847,false,true,1.1449023159734002,0.08386511679801559,3,0.0404979102895463,0.9946629437131557,1.5450672925534676,0.1765557440039085,3,0.09301205049035643,0.987110540862283,0.0013624175988065717
410,12,3,true,0.029749791036456235,0.0004388507981425806,-0.000609794154029588,0.00012151143843127651,0.9997824438061531,false,true,1.1151504185893406,0.030428558487574323,3,0.037145253014747234,0.999256000542543,1.1880256915606142,0.04297487780583162,3,0.042839183509482424,0.998693198188217,0.0003391902511035828
415,11,3,true,0.07593450739955486,0.0025082815232044787,0.005475010907450601,0.0006921645167774807,0.9989100650291952,false,false,0.759819236904739,0.002303903500122154,3,0.05114881753512461,0.9999908060104299,0.9035550679448928,0.014490271707240964,3,0.06467805796578956,0.9997428822100257,0.003504067170134106
421,17,4,false,0.09717591312410159,0.005695141553251335,-0.005119888665972035,0.00199874037666436,0.9931774202865415,false,true,1.2191234041073897,0.02632046843875025,4,0.13695418226484168,0.999068640788336,1.5668339225279657,0.047743832387538314,4,0.26723975320949206,0.9981464134535489,0.0036848931620794946
425,14,3,true,0.09922723718555343,0.009243786215966445,-0.005608170972910497,0.002572364840858832,0.9913962995659377,false,true,1.3052841958243915,0.05437052766779847,3,0.17245747835920877,0.9982679355098234,1.711279671636487,0.017106986446912047,3,0.4092347528794557,0.999900077879451,0.003383874844167746
485,187,10,false,0.05480233466133555,0.0005666202465942515,-0.002870880698992068,0.0004610603952862167,0.9991455143247617,false,true,1.1058487887188395,0.006899716081086408,10,0.059817666880948105,0.9996886666084336,1.1123833634804596,0.006454852775761906,10,0.060273640377971206,0.9997306997677609,0.00009940124466563631
506,186,10,false,0.047353257580311815,0.0013686263587083286,0.0021823604824527288,0.0011136143009922695,0.9933615390318576,false,false,0.9931199079342764,0.024252831180442087,10,0.05014802187780921,0.9952516316979382,0.9996737655729032,0.025164088204149147,10,0.05051609458429883,0.9949564091478239,0.000115976274291711
512,15,3,true,0.13131318710748371,0.006699858885479976,-0.0031490651793685833,0.0018680216589251884,0.9974035167708798,false,true,1.1569760240274878,0.0715667585310565,3,0.18044566870808884,0.9961883288474783,1.3772052584074619,0.118323536313598,3,0.2825716143946545,0.9926725820523012,0.003691994684943752
530,129,10,false,0.029115223086620456,0.0014228988557170622,0.0058226826967697175,0.0011542337085213479,0.9812510082062584,false,false,0.7894620433121933,0.03723575957430267,10,0.026737963768684533,0.9825141508515669,0.8290315892356294,0.04310763026324842,10,0.02775937853303612,0.9788279701278675,0.0007230089419913404
550,19,4,false,0.014456160051354621,0.0016886330215562086,0.0008502069046331657,0.0005948208320354,0.9734354886991624,false,false,0.8719361776004041,0.06489333475303298,4,0.012544094836305726,0.9890433918178084,1.0174807863567914,0.08923233187854007,4,0.015934909273694054,0.9848507041729938,0.0005929064268503507
559,148,10,false,0.05429903750938373,0.0016704564745677862,0.001825453603064283,0.0013568052382613805,0.9924854976973857,false,false,1.0115958403958598,0.022428555397979194,10,0.058193759754348526,0.9960828160255982,1.019815980761073,0.02342177665921744,10,0.05873424653011634,0.9957979881198655,0.00015959650509834636
563,183,10,false,0.051664494688636646,0.0007131395443164871,-0.0002436688236297089,0.0005801974978465403,0.9984780752272483,false,true,1.0470991708806576,0.01232523905803146,10,0.05541026530733261,0.9988928054388309,1.0635159213173822,0.014220348119976503,10,0.056460584978391896,0.998571758227959,0.0002706511682956012
567,36,8,false,0.019448063929669312,0.00297543533064781,0.004031247187269395,0.0019241107572024322,0.8768523807934017,false,false,0.832915899449445,0.07744164407231942,8,0.019546090971667214,0.9506897843715589,0.8417291050886652,0.0787479731014578,8,0.019744873246869004,0.9501050101662002,0.000093182501964796
570,48,10,false,0.05132555395657605,0.0011106909933846524,0.001868042953253561,0.0008841118692985039,0.9962676254937928,false,false,0.897450783418808,0.021871954353914796,10,0.045661676465224656,0.9952708274372285,1.3922146047898416,0.055513298750891386,10,0.08219415506034065,0.9874402066668582,0.006882651418516401
581,17,4,false,0.057226174666577034,0.0019292446482820982,-0.0030725760898526696,0.0006770787238437738,0.9977320728242782,false,true,1.2610566223217228,0.02529645878252029,4,0.0889052595310685,0.9991958614060726,1.5379285754162564,0.058859270712020885,4,0.1517449546457037,0.9970790977158336,0.0017170456931914896
584,36,8,false,0.058794875529482975,0.003187263692355162,0.0051327942247270195,0.002061092806599871,0.9826732376260936,false,false,0.8925119641637633,0.02952055169696081,8,0.05589975977977272,0.9934787525526989,1.221419279206706,0.07874090319257776,8,0.0863687834597124,0.9756709108457277,0.005774194435741985
618,14,3,true,0.04283217342999387,0.015568351042883809,0.005047384031659029,0.00433236748635421,0.8833041818166644,false,false,0.7275928291111837,0.1870877871330659,3,0.030032763833554042,0.9379832317953263,0.95454558937645,0.25695917789773465,3,0.04412535511236093,0.9324304008484637,0.003205444191359426
660,79,10,false,0.037634439629019724,0.002665497116034213,0.007082262117761252,0.0021478527033715286,0.9614177415941138,false,false,0.8465094882115097,0.04442923232757367,10,0.037471957439772635,0.9784376009519173,0.9008802952044863,0.05237823228692513,10,0.039635584144828886,0.9736689128649474,0.0010900227377034512
684,10,3,true,0.032684896523635265,0.013061303147377688,0.00774110424308988,0.003588983728521328,0.8622991153074787,false,false,0.44117550472459727,0.22887365622534236,3,0.0138031593610381,0.7879387597674339,0.4797259996584324,0.24642251835524326,3,0.014077226059604537,0.7912266055518489,0.0013209596977956655
694,29,7,false,0.02531051779415137,0.0009755227714768105,0.002447031749476075,0.000557139903874073,0.992627259214133,false,false,0.8261053580807662,0.02553704360381915,7,0.02151965463039602,0.9952447837433008,0.8785423846268672,0.031782955078413416,7,0.02291191276667819,0.9934986968516275,0.0006064064888273394
697,42,10,false,0.09880000705662308,0.003361637896569633,-0.011933388282888941,0.002662923714080899,0.9908235601418046,false,true,1.2500091923503296,0.021645229168816674,10,0.11981612923904951,0.9976069739486603,1.3662963608402292,0.011266931553735753,10,0.13881972163939246,0.999456280039063,0.0019563083547738877
707,20,4,false,0.028841355101547388,0.011157968889915739,0.007130166960840759,0.00393636226201558,0.7696197812451644,false,false,0.6260525238713265,0.16074677104959467,4,0.02030436141374435,0.8835062569840614,0.66905577263524,0.1730023462601303,4,0.021432753534837992,0.8820488988581912,0.0008344051998300193
716,56,10,false,0.09807903565527847,0.001935023488799601,-0.004483421597536157,0.0015474291671375528,0.996895727554728,false,true,1.2001721880280558,0.033247329950984006,10,0.12626037307343796,0.993898195079949,1.2149469176968282,0.035112264956835185,10,0.12862646948811626,0.9933625562195827,0.0003139709239547813
729,14,3,true,0.058212581097571665,0.0052280628150483425,-0.0036683507851662314,0.0014548675896466257,0.9919987286768054,false,true,1.3672711164072155,0.041445666032670116,3,0.1150834988380462,0.9990819843283834,1.5345495812070529,0.013374931999880154,3,0.16373313681563523,0.9999240394107916,0.0008816135394744802
770,81,10,false,0.05167819508858609,0.0009188547321825255,0.0016251382357923823,0.0007407363154401702,0.9974772626898286,false,false,0.9863045431576414,0.026795436278051914,10,0.05303694286796675,0.9941300717067474,0.9977580249288651,0.028419959400316275,10,0.05371898106320402,0.9935512327747027,0.0002170720360344065
776,27,6,false,0.014792714654576067,0.002523007050813115,0.004781590163229911,0.0012592968092538274,0.8957689389367266,false,false,0.4620444312632893,0.10056687914343414,6,0.0080778578276338,0.8406914492159173,0.5430689068406709,0.11373076349764391,6,0.008274718957671559,0.8507518587962601,0.0015863210602706
783,87,10,false,0.0641629725746129,0.0010527137376569657,-0.0014791149766588232,0.0008496530962080417,0.9978511436933487,false,true,1.1053048198237183,0.019106200774382864,10,0.07353918838704983,0.9976152787290529,1.1216926325578729,0.021379802384185097,10,0.07499328662794111,0.9971020610004577,0.0002865358410249396
785,174,10,false,0.032616681009956426,0.0006950308850747774,0.0033376805375237356,0.0005652613409859003,0.9963805390249223,false,false,0.8539350268923827,0.019746336217974194,10,0.02962335674951132,0.9957404908680124,0.858909533161323,0.020236009761649642,10,0.029765317386946263,0.9955789988469033,0.00008828721057296764
798,25,6,false,0.07503202076411966,0.008620593318427138,0.010515867851241239,0.004290578964450631,0.9498472457826764,false,false,0.6778425450333665,0.07745260754019082,6,0.04993319934830724,0.950367515739911,0.773963412309257,0.08342775243743872,6,0.05516895897901661,0.9555869667233734,0.0043258430684711925
802,15,3,true,0.05121440391266032,0.006548725898188072,-0.0011811574081280313,0.0018258835037095328,0.9839125984170861,false,true,1.0554221186328028,0.11683315062815061,3,0.053799536612603865,0.9878942899127227,1.5057798023811437,0.06964468302230893,3,0.13263168457673755,0.9978653585247838,0.0028716638082821625
866,28,6,false,0.07621904487722071,0.0038177624436378636,-0.0023007135306297145,0.0019079036243042965,0.9900639439127678,false,true,1.1249272374351393,0.0459632330676691,6,0.09166527876846611,0.9933665145339762,1.418842063264415,0.06720603937120241,6,0.14741431310291464,0.9911053613255276,0.003621754300207106
867,133,10,false,0.04976509464421326,0.000553552260555805,-0.0003047842539660561,0.0004491701274270835,0.9990111557022596,false,true,0.9817084061252183,0.014943247471625686,10,0.047789409592082666,0.9981498340506972,1.3463916382526413,0.04192086436220668,10,0.07422078895891242,0.992304223038601,0.004506579380123471
887,31,7,false,0.05426987682365807,0.008692840838101784,0.009512546614708395,0.004977206197606736,0.8863009111679823,false,false,0.7816201944069309,0.0763422635997928,7,0.04752483450883048,0.9544726856884079,0.9353808785829789,0.09278277159505509,7,0.05719775124050361,0.9531109770163414,0.00404974409528246
980,30,7,false,0.056403351023632135,0.0018006124323825467,-0.0016129333673393534,0.0010297158853925417,0.994930171361181,false,true,1.1461585214151224,0.031986556460809064,7,0.07053696574985223,0.9961209295174447,1.1744201204994449,0.03550838890231722,7,0.07352198999614891,0.9954500727106808,0.0003386340552856128
991,16,3,true,0.08746243487906213,0.0026021435515072347,0.0017338282558514888,0.0007267071983519975,0.9991156277070482,false,false,0.9044298962310167,0.035862039356541864,3,0.0730048746498903,0.9984302233479466,0.912241029064557,0.035164406553282984,3,0.07399314536471042,0.998516312128206,0.00017871286648451097
1002,11,3,true,0.06807755875741818,0.013620503830035576,-0.00371666271285983,0.003758601004140095,0.9615113385144911,false,true,1.2182316803370508,0.193246086309421,3,0.09447978800027941,0.9754546781128222,1.2499147712867242,0.19210787905304896,3,0.10054393622385059,0.9769224529676015,0.00027945795165867004
1014,11,3,true,0.022050568319642395,0.0039778009902654374,0.0028546735808560025,0.0010976808921936984,0.9684834456798143,false,false,0.6633448768071493,0.07395141093469472,3,0.01343072099018822,0.9877241983125615,0.8461541734017791,0.11029045386325627,3,0.017790959482594428,0.983294463029189,0.0016262531185454857
1021,163,10,false,0.04187847215414549,0.0006170172473462122,0.0013594549952972857,0.0005015649888361911,0.9982663980383021,false,false,0.9107384590351334,0.01204914308708184,10,0.03792866870892866,0.9986016778120143,0.9410323161503094,0.010137300713614041,10,0.03909579670631755,0.9990724815282697,0.0005702557726119643
1048,13,3,true,0.03845449153759152,0.006377726909252122,0.006666774407807528,0.0017707583900632648,0.9732297115654998,false,false,0.536253886241429,0.12530916580852508,3,0.0184302293226969,0.9482231837599115,0.7287771857379912,0.14693856884600998,3,0.02318033429059119,0.960936015000664,0.004198335959443046
1056,15,3,true,0.04554957870608672,0.028833719303810845,0.0277064940823384,0.008039275615732509,0.7139225135742038,false,false,0.23946718058470387,0.2042212240579484,3,0.01928692228892405,0.5789403824840539,0.2748159183451156,0.23473618161476173,3,0.018391449612173327,0.5781731494356341,0.005316253351991681
1082,160,10,false,0.07125855816572432,0.0006504727754493102,-0.004317811495784537,0.0005286825334844873,0.9993338304699529,false,true,1.1394833967290279,0.006242424687791389,10,0.08102133677663914,0.9997599640181802,1.1445027376214356,0.006274078155545931,10,0.08150623117537509,0.9997596457715016,0.00009128798678465908
1083,83,10,false,0.05042751769352264,0.001003462533391096,-0.0014295453196440531,0.0008092793493693292,0.9968422077977737,false,true,1.1082869880695063,0.016496300370785543,10,0.05752662164476724,0.998230748497386,1.1243603734352348,0.01796859904222861,10,0.05863340797432493,0.997960982644464,0.00022239628963138184
1090,25,6,false,0.04599132361414313,0.005015036595252962,0.004237544214655527,0.002496047513985779,0.9545978081091159,false,false,0.8780472575852925,0.060260619479965784,6,0.04313799637121234,0.9815079434739221,0.9589708380162996,0.07253687433668557,6,0.0482859490703682,0.9776262027360338,0.0013550974511139773
1103,84,10,false,0.09529293225570698,0.001056320165320965,-0.004373149671423499,0.0008520785305455196,0.9990179512691918,false,true,1.1237448126859169,0.01222323160445022,10,0.1082764929796146,0.9990543818539546,1.1491416736254216,0.013584642082696592,10,0.11159988535849183,0.9988832551161501,0.0006302979609270398
1135,12,3,true,0.025984177346375998,0.006520926437412777,0.007141599857475285,0.0018055502112978485,0.9407517286758497,false,false,0.4764850212131053,0.07188416253022525,3,0.013074351295114762,0.9777467067341271,0.6658412795056953,0.11220837729689287,3,0.01617201178640044,0.9723848556518765,0.0036209705769555483
1182,155,10,false,0.07370209679294717,0.001133820836344911,-0.005726416687153722,0.0009212929032252451,0.9981102789721145,false,true,1.1657315132839519,0.0075709579110569275,10,0.08481063512565067,0.9996626753690855,1.1835090584635741,0.006566914414278898,10,0.08664779974809757,0.9997537577493409,0.0003068420831463256
1183,40,9,false,0.07466872353407614,0.002668671128393253,-0.00514677183950052,0.0019217608851265467,0.9911377354249132,false,true,1.1028790421077972,0.023566132028496837,9,0.07860307918700765,0.9968140932898643,1.2337084563463925,0.015121205746830318,9,0.09278311312332392,0.9989495162392725,0.0022059368846346545
1224,21,5,false,0.02115204373751432,0.002556081012727118,0.006119363036770238,0.0010845979145560026,0.9580294490018664,false,false,0.5460321306829129,0.02840010502499785,5,0.013230259485181329,0.9919496570793284,0.6285874454381077,0.03707133010831515,5,0.014248034301175928,0.9896733828400099,0.0015732658878475567
1262,77,10,false,0.05481828786762681,0.0013846531799243287,0.0033821839695700453,0.0011152338511626891,0.9949217975189945,false,false,0.8947647224730314,0.01763172443540901,10,0.0503697694604425,0.9969031879717499,0.9953611171215621,0.019236997080003766,10,0.05587015277766988,0.9970207469139284,0.0023998334258180467
1310,10,3,true,0.050918823325095876,0.002471626184547044,0.0015155789109983272,0.0006791532253125559,0.9976493564195057,false,false,0.894219017450163,0.02518024201044566,3,0.04287326029837225,0.9992077034411792,1.2970407146633072,0.09791685321763001,3,0.09254474836716015,0.9943331775134091,0.003736540489217619
1334,148,10,false,0.059121789460922905,0.000249979033621933,-0.0014088199513748274,0.00020304202320597066,0.9998569987260566,false,true,1.0830596215155563,0.01332210340232398,10,0.06528510072849009,0.9987910578955801,1.0928813129289865,0.014737154070799603,10,0.06604090651998533,0.9985474204397102,0.00016803369791869318
1344,11,3,true,0.01999807727453797,0.0013206034970494015,0.005618122590213025,0.0003644227623309465,0.9956581117862813,false,false,0.45121403993450293,0.00717386414768696,3,0.009501359677200982,0.9997472848255037,0.46100269046421244,0.00668662568656701,3,0.009563056863775989,0.9997896629653746,0.00021784417082626359
1347,146,10,false,0.0576023102027081,0.0011274046180018726,0.00007633378625475964,0.0009156092263425574,0.9969447910952992,false,false,1.038047764459252,0.014785728251122092,10,0.06140222769537974,0.99837954704398,1.119717263376036,0.022520415570937362,10,0.067510541335889,0.9967743081638095,0.0014257809503046477
1407,13,3,true,0.03921342371873569,0.003701416327769087,0.0018078855196942778,0.0010276880949552693,0.9911689158696507,false,false,0.853363138121015,0.05270658176193869,3,0.03128501953519843,0.9961997830801864,0.8639783906029832,0.05444852420125496,3,0.03184971369619904,0.9960441024680153,0.00012481583994793493
1413,18,4,false,0.023113234013342882,0.009100756277414034,0.004212032551611488,0.0032002352797206248,0.7633164175870324,false,false,0.7340035691663175,0.19635477333742654,4,0.018798039019964626,0.8747946977565102,0.8047163231630523,0.21759486703201927,4,0.020892573309133772,0.8724239257272289,0.0007583080274041357
1436,17,4,false,0.1033924884660979,0.008536063070399107,-0.004709906348311762,0.0029957769718331174,0.9865510978369662,false,true,1.138889554629502,0.0953574273563306,4,0.12301093109729577,0.9861729694606177,1.2033135780399433,0.09216213630437288,4,0.13786458842101157,0.9884039019586051,0.0010982657387130627
1455,18,4,false,0.06951814408026254,0.0030860661265664432,-0.0005263377713727042,0.0010851996683285529,0.996074131271584,false,true,1.0784209812980885,0.059269529971862744,4,0.08212358955123474,0.9939951718993727,1.7541532679740772,0.2214710943921785,4,0.3075675655294177,0.9691041961397109,0.005294967215228009
1473,143,10,false,0.049394888527801405,0.00040891092710517904,-0.0008602744951437777,0.0003320306772097599,0.9994520444114926,false,true,1.0863036401186545,0.01817474828843061,10,0.055405201956066526,0.9977656414214053,1.098310919330479,0.019865978801849073,10,0.05619581745554536,0.9973894975175918,0.00017017251984375285
1493,31,7,false,0.04110905727142116,0.0012364923065595237,0.0012727976198112449,0.0007079707642323508,0.9954968367564926,false,false,0.9290172534329246,0.02038402630734895,7,0.03801287614765795,0.9975986346851875,0.989134689040025,0.021446252997274224,7,0.041068425543016596,0.9976550025590638,0.0008557603714332957
1501,45,10,false,0.03964618972728929,0.0008057636849656552,0.001582314152980221,0.0006399574398848749,0.9967064086888656,false,false,0.9636420328511702,0.029166903540953883,10,0.039659420963420615,0.9927244158046986,0.9776693082598922,0.03096730808501402,10,0.04027298056933853,0.9920376531973321,0.0002158529394522482
1515,117,10,false,0.048857388852498095,0.001187580153919929,0.004068014426545166,0.0009623375960276599,0.9952955656388204,false,false,0.8726973040568428,0.010606573155831987,10,0.04459710465589538,0.9988196793853189,0.878641104532771,0.01073032008981118,10,0.044852065274066405,0.9988082794118486,0.00015293183572860663
1524,141,10,false,0.05135875747812893,0.0008818759479671155,-0.0001084496390519105,0.0007159803156385913,0.9976468327560118,false,true,1.0502168984368914,0.014779614293850165,10,0.055584332359216136,0.9984181305361384,1.0545723980778123,0.015253035018409385,10,0.05586158553071559,0.998329203730261,0.00007216683935847915
1561,11,3,true,0.05409445364773662,0.009137597373212672,0.001181542367104342,0.0025215354065426915,0.9722578561432736,false,false,0.8508983688134675,0.15689014159937953,3,0.03927875116091096,0.9671211360989472,0.8983358196153934,0.158724248126567,3,0.042457475157987236,0.9697267870484019,0.0007171582051495185
1568,95,10,false,0.033005964626538445,0.0011505195749834493,0.004604329046135241,0.0009298281455353189,0.9903729786688727,false,false,0.8206475113507272,0.02669332115421318,10,0.02972643797719664,0.9916069184144799,1.0778447683032322,0.06746128313758892,10,0.03940914538598507,0.9696131798248514,0.0035511610940410034
1570,12,3,true,0.05157375458607856,0.0030743563941443364,0.0012780269885904522,0.0008512448177922643,0.9964591264829745,false,false,0.9175053631390604,0.03712534160362871,3,0.04541214218654913,0.998365393534408,2.0907227958722197,0.32453219281842643,3,0.5438143196122032,0.9764721352929133,0.006262667840356742
1572,12,3,true,0.03289601366133837,0.006552091524177391,0.003375668671568718,0.0018141793730485664,0.9618427185389588,false,false,0.7245084858215238,0.09632973802842093,3,0.021998577189883843,0.9826290565076666,1.07430750616147,0.1775377436617642,3,0.04042843888513769,0.9734158615195904,0.0032932098831450173
1588,60,10,false,0.0646639914261133,0.002042334863904121,-0.0027163793112283145,0.0016361774698126282,0.9920828872272905,false,true,1.0723086021246377,0.0217452809991023,10,0.06810381819161317,0.996720904822884,1.0926470610113919,0.023210950499407825,10,0.06973458998431895,0.9964029123352232,0.0003756458358634169
1597,14,3,true,0.034872103759964544,0.004875048802863535,0.000999035295690484,0.0013566306970942844,0.9808311573608613,false,false,0.8355468960035197,0.1312152509368069,3,0.024918569696937683,0.9759316470477775,0.9633189799711491,0.13177090651217682,3,0.030882375495505193,0.9816325949404481,0.0011793395741757104
1598,63,10,false,0.043354846411719314,0.00047198851769852425,0.001585750869011165,0.00037857021298393014,0.9990527470463174,false,false,0.9355523899352546,0.005116120044227106,10,0.041165318435187184,0.9997608164399402,1.0063714601220344,0.00947475576911914,10,0.044380143991986254,0.999291399327096,0.0012285064228783492
1604,53,10,false,0.03840525512950677,0.0028974368833439798,0.0077751438030723916,0.0023134813173679787,0.956448968126991,false,false,0.7951993891053194,0.030770227471184162,10,0.0356481603554026,0.9881633698937025,1.1458658936440473,0.09480076582499394,9,0.04631648667589525,0.9542776144304872,0.009401226824282247
1621,65,10,false,0.029216347508646046,0.001407436472284759,0.005444760041094667,0.0011296803898434055,0.9817733445911273,false,false,0.8011432259303275,0.029059209163319125,10,0.02693833771265012,0.989584262665672,0.8317901463108537,0.03331348111034071,10,0.027727436105736948,0.9873303399804785,0.000557702198024454
1636,56,10,false,0.02516435576076411,0.002217739508613689,0.010046675033459424,0.001773515836167474,0.9414995080174303,false,false,0.6231538180321393,0.033358364618484806,10,0.021346882327762707,0.977588796206663,1.0228921481079654,0.0966223359816604,10,0.031435454751960794,0.93337438351117,0.0066357031761320046
1654,135,10,false,0.06082437244082072,0.0019188111642432523,-0.003992977900693322,0.0015572116054467329,0.9921013074653054,false,true,1.0711582520969494,0.020799175169460907,10,0.06130341206428499,0.9969927679294207,1.0804438536124816,0.020094674697970216,10,0.06194730393238544,0.9972403919618112,0.00016667419307702386
1661,84,10,false,0.05093679292475858,0.0008030602231776023,-0.001992183929762236,0.0006477869090919148,0.9980154580193485,false,true,1.0556813448528493,0.016049683640568645,10,0.05233909652742852,0.9981543262358501,1.210522329195845,0.013999725681109765,10,0.06281432795706579,0.9989311445329047,0.0020727919472340608
1671,36,8,false,0.027376068283097937,0.0025058316936816187,0.004829023507270436,0.001620434384134929,0.9521356965830378,false,false,0.74457235561538,0.03330392574880316,8,0.022436869235183447,0.9881383245326021,0.7737236389165426,0.03467183822035689,8,0.023071732309049343,0.9880949307672091,0.0005335086726930993
1678,65,10,false,0.05660998830308678,0.0023278957093434732,-0.0029320577115018774,0.001868487980972158,0.9866526459310568,false,true,1.0017977191162222,0.034890132978413604,10,0.05206073671655265,0.9903896051192005,1.258641286009328,0.02704949834832843,10,0.07019042060683267,0.9963186869812181,0.0037668345080286675
1709,33,8,false,0.06534320505476304,0.0024705041530835026,0.001365103763290072,0.001592325389831274,0.9914962081863032,false,false,0.9380519429913726,0.045398434102633625,8,0.0603102172183602,0.9861414297691479,2.0045705868486468,0.1661665843237161,8,0.2946622620475163,0.9604041249409798,0.010033853785078218
1710,133,10,false,0.046658621915937,0.00032473963887440894,0.0005676883107709914,0.00026350419891228765,0.9996126277444011,false,false,0.9877366856440979,0.012140046663906792,10,0.046614923947790605,0.9987929540571191,1.0033513398506362,0.013833361919576051,10,0.04741900668989311,0.9984816235042598,0.0002678608333689221
1731,13,3,true,0.07029895083814101,0.00199391348357667,0.0026430059198023913,0.0005536046118534242,0.9991961672564404,false,false,0.8428553595022847,0.039730057045300055,3,0.05296259006582523,0.9977829863547528,1.1485329486168172,0.0059204801720365114,3,0.09205753873523073,0.9999734285407977,0.004729804532017007
1750,42,10,false,0.06651689963969915,0.002708340710776259,-0.000673106294202388,0.002145413910253801,0.9869108778182049,false,true,1.004655289159075,0.02779961813362189,10,0.06597879649795456,0.9939119054238386,1.031185810083278,0.029278434068729528,10,0.06795518440080439,0.9935920380585724,0.0005996562374487246
1762,12,3,true,-0.0058595819167232156,0.001850264173066123,0.009038767594050715,0.0005123113871472903,0.9093314954737238,true,false,-0.18188142654744718,0.09228762595075127,3,0.001117821300317584,0.7952537447362757,-0.4987880296840209,0.2719881987247652,3,0.00017111530655368628,0.7708019649333187,0.004616931243956607
1769,72,10,false,0.05291371188778991,0.0008578834344185433,-0.0007824864763000272,0.0006900743826347594,0.9979015540239847,false,true,0.9981006458633609,0.013515132038135562,10,0.051508444748841996,0.9985353113129863,1.4758961949507163,0.07745056695270812,10,0.0942145350072389,0.9784442252041228,0.005213187150000584
1789,129,10,false,0.04340066641068435,0.0023918232822476683,0.00637192557102638,0.0019402103291489238,0.9762791960715053,false,false,0.8798109738586564,0.03468513749054521,10,0.04350603194086183,0.9877190626998437,0.9845030302052006,0.05064507852166135,10,0.04873821598298163,0.9792684331972914,0.002046514913266669
1815,30,7,false,0.01997096068156178,0.004751295137151219,0.008808983540373195,0.002717122236260068,0.7794193978256162,false,false,0.5691559213661135,0.08384841361347939,7,0.015845490920386812,0.9021062674127585,0.5714146949819129,0.084247406501612,7,0.015872130957480468,0.9019672788286781,0.00005467491959896559
1820,12,3,true,0.024311558932923368,0.02563659200215262,0.01055152056903937,0.007098401515599454,0.47349048530616555,false,false,0.41659575759910256,0.3047127176707527,3,0.01333650252826901,0.6514670041249034,0.5495227899387036,0.3886861868558176,3,0.015049615411478008,0.6665352564789928,0.0035608478397070654
1829,21,5,false,0.05625622264340618,0.0019388795318762487,0.0019973873339119725,0.0008227065912142903,0.9964491126424667,false,false,0.8955228238045816,0.024934145289062494,5,0.04867989233229907,0.9976796791915122,1.1280526732914293,0.05018008326236209,5,0.06993509383536257,0.9940986045712171,0.0034012858465587463
1854,126,10,false,0.07348253671732381,0.00125589720307448,-0.0031576807575863187,0.00101851774659622,0.9976686031897707,false,true,1.0998261933460252,0.012113428340340841,10,0.08066076679824832,0.9990304844941237,1.2308264609854083,0.020869096206879333,10,0.0945276264493098,0.9977054055131919,0.0023270125132091924
1859,48,10,false,0.052476822982813975,0.0012254753586258178,0.0008643039717402845,0.0009754804140369085,0.9956561634939358,false,false,0.8977278097938257,0.030903061235136718,10,0.045332404884429356,0.9906091271767464,1.4627330603258863,0.06880595189457932,10,0.08956219041696224,0.9826063229695865,0.007344133061351476
1867,16,3,true,0.01874269811296894,0.002013220621357631,0.003638252573503277,0.00056223720500118,0.9885939189075809,false,false,0.5185257131438799,0.09090711512126602,3,0.008976814400765545,0.9701800109697555,0.7645079530266295,0.10358261577051264,3,0.01213429278320866,0.9819735779408966,0.002590768198888149
1910,124,10,false,0.03307386978673891,0.0008531123406725236,0.001785682456660964,0.0006917474993516641,0.9947054760171178,false,false,0.9646864646389425,0.019817098784273034,10,0.03379946856779545,0.9966353951059246,0.9965354404106623,0.02400304818404755,10,0.03500161154341423,0.995380167100774,0.0004111101633487676
1921,12,3,true,0.051575770195617064,0.022301940988068213,0.008404046799439338,0.0061750848824687924,0.8424745678044887,false,false,0.5089077702467769,0.28319343220910753,3,0.022237629896889377,0.763555673045941,0.5569325307243118,0.3066599034012807,3,0.023091184172541815,0.7673503051547799,0.0019039075687146436
1938,21,5,false,0.122799756385677,0.0007008808048619059,-0.005168196279667831,0.00029739818711556245,0.9999022825475543,false,true,1.1944569595156467,0.027535561315807578,5,0.16809795367905456,0.9984082448225655,1.348818118361245,0.05596653117966097,5,0.22012467329821842,0.9948615292360736,0.0027733379648128935
1946,90,10,false,0.04537722657854726,0.0006128631706494415,-0.0001310338406800999,0.00049490787855379,0.998542837996523,false,true,1.0227666225331355,0.01107338538397885,10,0.04687228243726521,0.9990631055967464,1.0581611602066299,0.012798411817046646,10,0.048770904764321936,0.9988310644808773,0.0005354671727251316
1971,18,4,false,0.032266201537704375,0.0014543474343046492,0.00004596341669072916,0.0005114139777354208,0.9959532200491228,false,false,1.0200111173253081,0.032601094262220194,4,0.034035290819109096,0.9979610895646513,1.11567436802022,0.044957692145771264,4,0.04019620760165853,0.9967629085291089,0.0006444909603020236
2007,120,10,false,0.05017443356555643,0.0005913169417550041,0.0012998750733164252,0.0004793002804271802,0.9988901011945983,false,false,0.9527153354062915,0.007498303941598723,10,0.04825189588731161,0.9995046928541756,1.0699256776600017,0.016964545310808606,10,0.05490616842103126,0.9979927816705209,0.0021052869102149347
2014,120,10,false,0.03668890591735562,0.0003678126709685962,0.0008696194100459411,0.00029813574394924123,0.9991966130166773,false,false,0.9645062154366915,0.004652983071692933,10,0.035864850295018666,0.9998138504376778,0.9803823380163684,0.005692851536174912,10,0.03647496481619833,0.9997303244263331,0.00023196119136835048
2020,14,3,true,0.019808078667062964,0.012767893826656522,0.0058645317569455315,0.003553055036558516,0.7064723632014924,false,false,0.4996932741800056,0.22464847718972833,3,0.010989386580270776,0.8318667152186037,0.9014722070121733,0.39638472609833514,3,0.019789443524137796,0.8379818240700647,0.0042523494618546655
2024,119,10,false,0.07419722738118581,0.001129644729144825,-0.004103391932462827,0.0009155646663586733,0.9981490538094905,false,true,1.1109785839648316,0.0072705458260493225,10,0.08135501105974342,0.9996574974002738,1.1473097763561064,0.01075047799929289,10,0.08494704484181051,0.9992980935927387,0.0006954557060932304
2026,84,10,false,0.06285142564215336,0.0007989272101580144,-0.00210830230540065,0.0006444530224767843,0.9987090389867952,false,true,1.056690937824608,0.008247227454140096,10,0.06537084411455485,0.9995129221514693,1.4066385909652972,0.0575664022182066,10,0.10168396540801575,0.9867784382473489,0.004500040441285399
2031,20,4,false,0.08821602918684458,0.0024390495083256706,-0.003096526768084334,0.000860459688898929,0.9984734440181634,false,true,1.1421364653422605,0.018309461339787954,4,0.11041512837727645,0.9994862853216764,1.5611608116286757,0.06419164590568077,4,0.24524311402211116,0.9966300325479927,0.004446263271439341
2067,23,5,false,0.016554462017320346,0.0006729142187311084,0.008632495727269228,0.0002864509757421916,0.9950675455511848,false,false,0.3581293376883898,0.041650491949790557,5,0.008950347226490336,0.9610051338338557,0.8100139317790508,0.04492449137238599,5,0.012308034108566807,0.9908564810443198,0.007739075116049925
2084,24,5,false,0.09685735633187173,0.006228130943643276,-0.008284816124668661,0.002654874988812678,0.9877477025820162,false,true,1.3264625634922238,0.03849645161355625,5,0.15287781375271658,0.9974795582488246,1.4596930392699559,0.019019232650885575,5,0.19364293240525604,0.9994909469694411,0.0014666206347570168
2089,96,10,false,0.06951467358931032,0.0022433978281691017,-0.003980607961751253,0.0018133425963243273,0.9917368421578682,false,true,1.094264634448571,0.01668839519030696,10,0.07392351298693106,0.998142764083114,1.3016158297996083,0.03991164254901258,10,0.09564758743424663,0.992534324977976,0.0030878979749215728
2108,16,3,true,0.0597608881089827,0.0070013231224194845,-0.0014189061090738534,0.0019552771821921434,0.9864604006517299,false,true,1.1942117024136654,0.13915520078080634,3,0.0906720695593626,0.9866038791134302,1.2582396961531421,0.15443008213396428,3,0.10321375151553452,0.9851596664347821,0.0005273663456655975
2153,20,4,false,0.01555627708764451,0.0013560677342811095,0.006668107859107054,0.0004784001377513646,0.9850296917708057,false,false,0.3876136880463278,0.03120022800882448,4,0.007973471216207348,0.9872074900709722,0.747673901818143,0.052243323574730445,4,0.01091766740087972,0.9903295455383199,0.005177435338713836
2168,72,10,false,0.05320304419962639,0.0007529258565927693,0.00047842919641860447,0.0006056473698086506,0.9984003455897503,false,false,0.9508333059683017,0.01538433301808209,10,0.04968331315529621,0.9979100785242415,1.20568989172136,0.023144828367223435,10,0.0665004655780618,0.9970606705765935,0.004128347790202229
2192,18,4,false,0.04147140845745548,0.00013255476555983463,-0.0001514730014422016,0.00004661221818371965,0.9999795678417538,false,true,1.0140996039123515,0.002262394644771352,4,0.042418427253823755,0.9999900459189024,1.0202007094464371,0.0027290047588158337,4,0.042856856949506195,0.9999856892918749,0.00005841088222807118
2218,14,3,true,0.09441602881543501,0.001358480046338311,-0.003795000476015203,0.00037803841700417287,0.9997930215315753,false,true,1.2482363124581493,0.05373067367383326,3,0.15337832647053573,0.9981505312871404,1.3287466178969527,0.0695882851785559,3,0.1808258860605104,0.9972647414160524,0.000921540327333361
2259,16,3,true,0.05877397151946457,0.00256695486110746,0.002824343045591279,0.0007168799639554616,0.9980961235750152,false,false,0.8321164182720204,0.01330512560971904,3,0.044577024781913235,0.999744401231812,1.165404523099166,0.06637723555623457,3,0.08189537358286114,0.9967664592421294,0.004346414390697468
2263,14,3,true,0.03308554482306087,0.00020450920935729497,0.0007379101955799219,0.00005691091155633594,0.9999617939125678,false,false,0.9038179749011973,0.016623707609913416,3,0.027827520563659856,0.9996618207625535,1.0769203900649118,0.005054978130807857,3,0.03809031736869627,0.9999779676007021,0.0012565975050353886
2265,11,3,true,0.06980342151676593,0.004650873875542229,-0.0006093160456964196,0.0012834164900856167,0.9955803080425218,false,true,1.0732217902131345,0.06950206896252238,3,0.08192260488588886,0.9958236303596163,1.1259591492905967,0.07965491508087168,3,0.09068523226356225,0.9950202012999377,0.0006422170371530254
2266,24,5,false,0.016578061810481024,0.0032881145386883153,0.0034403352026054616,0.001401629658738103,0.8944401191723412,false,false,0.665280514168275,0.07591679968045534,5,0.01197706457363455,0.962403732540448,0.6714348464444585,0.07676771394482107,5,0.012059774617831693,0.962263239761658,0.00007061720544411215
2267,32,7,false,0.024381389602855658,0.005509913098581744,0.013221482251716397,0.003158323604189567,0.7965880805530035,false,false,0.5194376709071364,0.08004539716328057,7,0.019364017706649733,0.8938673690168232,0.7222290205194836,0.1247434984154151,7,0.023296809468218528,0.8701999064626105,0.005113257760068933
2268,55,10,false,0.020468299328867193,0.0014962333995108801,0.0051162771600982496,0.001195938897606185,0.9590036295438109,false,false,0.5832754688355243,0.05964782392495409,10,0.01390202421653876,0.9227963815513641,0.6794214501112031,0.06355682054722196,10,0.01448167066892872,0.9345741223163487,0.0021838334459676457
2309,28,6,false,0.03574177384363347,0.005677443910312109,0.0040742232005054,0.002837268157247425,0.9083242637365369,false,false,0.8803168920887067,0.08671613913025165,6,0.03499377563718037,0.9626367848627146,0.9357474407764669,0.09543793412842332,6,0.037805968494014845,0.9600533713619146,0.0007558428165870441
2325,36,8,false,0.017110489966157078,0.0012845951111792565,0.005230825078144345,0.0008307030727942333,0.967287446946114,false,false,0.6309695487079198,0.02293979151862975,8,0.013311655407905775,0.9921316676598688,0.9587898555177321,0.07398058368660615,8,0.01880448598764473,0.9655097332782205,0.0034962972737317727
2342,16,3,true,0.07428326154829264,0.0038760339697638123,-0.003913653903433946,0.0010824697912045227,0.9972847339331607,false,true,1.3022840758852485,0.00763410847544342,3,0.13077801000328196,0.9999656370635249,1.8116337209093267,0.0975370014087133,3,0.3915656156652008,0.9971097130968889,0.0029968866537428366
2378,104,10,false,0.0558648969765413,0.00048749410812993,-0.0008801741640709543,0.0003944700761987498,0.9993911837455933,false,true,1.0649857692428994,0.012249765018795355,10,0.060653767526509514,0.9989426994188643,1.113401338861579,0.018381098399221873,10,0.06419300604672741,0.9978243775162963,0.0007857842627152828
2386,103,10,false,0.04611552217226291,0.0010743893254084,0.0015708080178154333,0.0008692641470419139,0.9956764812754381,false,false,1.0017836951685113,0.021941190694332376,10,0.04869286473822816,0.9961770467788547,1.014304492301624,0.02354517870296724,10,0.049380534324975876,0.9957077091681489,0.00020897746945522044
2411,21,5,false,0.029604815632244597,0.004654770619555305,0.004282178382576378,0.0019751152180109755,0.9309565456264044,false,false,0.7169512625969238,0.0652616132000368,5,0.021515309889487976,0.9757454004091126,0.7762557152234263,0.07031369361330475,5,0.023146809548610786,0.9759767948715026,0.0009378868435289516
2415,33,8,false,0.058143629715681745,0.001656541568924991,0.000828452095004254,0.0010676983465977765,0.9951533500162258,false,false,0.9260811028388374,0.02679375746376262,8,0.05200411462314255,0.9950025936731984,1.1523630732480998,0.036102773667541055,8,0.06932361230611692,0.9941453142213148,0.003897674380779392
2430,101,10,false,0.06799756845702928,0.0008339029781805108,-0.003048551137491627,0.0006745170203927781,0.9987982557685711,false,true,1.14759207817896,0.017606246901327057,10,0.08047386373280377,0.9981205469751833,1.3274379076079752,0.04167772935974588,10,0.1010888745170575,0.9921754721151124,0.002470016737956547
2444,18,4,false,0.03292231873421677,0.0020420686511737813,0.002302358067152,0.0007180831946149846,0.9923640885815009,false,false,0.749541714225198,0.07761185972211262,4,0.02171848599456223,0.9790067230718674,1.6110035057193972,0.04697926156855484,4,0.09779861171085577,0.9983021028361304,0.005458866612070897
2457,35,8,false,0.03492809983754304,0.002305800429278222,0.003980824787283612,0.001489552577614198,0.9745179361783061,false,false,0.8454794269792361,0.028769901796197265,8,0.03167440961957797,0.993100539409556,1.0025377156838235,0.04471395599607266,8,0.03818464298354263,0.988205399820201,0.0022958272188525457
2475,21,5,false,0.03882453026361103,0.0018822957782676276,0.002404890639800538,0.0007986969370381952,0.9929978264742408,false,false,0.8278729728383828,0.030070633154749414,5,0.030655218811667318,0.9960575750633468,0.850490792152954,0.030124432960038302,5,0.031608163864045094,0.9962503711639696,0.0003501192689617508
2552,13,3,true,0.049608156767593926,0.011334475384767943,0.004150149017116073,0.003146986014002432,0.9503868193248014,false,false,0.6699950491874417,0.18780507428928975,3,0.027017193366540525,0.9271512591196,0.8488651568880367,0.2125930004946374,3,0.03494988191060183,0.9409797831787898,0.0033673154715073757
2578,21,5,false,0.03675979537669573,0.0033923811133123784,0.004839525825766314,0.0014394573030188141,0.9750869051349715,false,false,0.7160495665520709,0.058446368030155724,5,0.026037290894260916,0.9804045404421825,0.9648691127285348,0.09368915455629283,5,0.036763712844543134,0.9724926093003557,0.003696429922524394
2579,13,3,true,0.058106961730802,0.016835735291496633,0.0012578916470931494,0.004674395743890161,0.9225538937095532,false,false,1.018395708517098,0.2280458371365404,3,0.06599989532913338,0.9522511744975829,1.97099601391828,0.5388575829840416,3,0.511159013184151,0.9304541107616462,0.005589894813992505
2584,94,10,false,0.06904329156722551,0.0013814968650552888,-0.00003857519724550307,0.001116328983082784,0.996807300611434,false,true,1.0467985476392383,0.01579148372792887,10,0.07448898277804153,0.9981827290271293,1.211598203370348,0.03996011229070097,10,0.09094238091358237,0.9913729323684982,0.002989305797272412
2585,94,10,false,0.05255096557274277,0.000722309601647138,-0.0028665871984299624,0.0005836677327859228,0.998490894952988,false,true,1.1177544167911964,0.0068917417182787445,10,0.05833311404998423,0.9996959653210842,1.1238316276526308,0.0074019763797470665,10,0.05875337230997945,0.9996530777264135,0.00008473094107435477
2590,94,10,false,0.07223208356612919,0.003312547130446669,-0.007688381867361157,0.0026767287448005404,0.9834534430148133,false,true,1.1622197095823916,0.026872045602976992,10,0.07831490095553226,0.9957414518977624,1.172950680085693,0.026264497271146194,10,0.07932195108318836,0.9960048771903428,0.00017832738799178469
2610,68,10,false,0.02220194921325275,0.004250795763526668,0.013307352065091512,0.003415281882512512,0.7732415667976805,false,false,0.6461648297823942,0.08156045172520558,10,0.02304379068885161,0.8869520383663935,0.6521682866217526,0.08268123488021492,10,0.023152988910495696,0.886066634479977,0.00015472243845374305
2661,91,10,false,0.025868556998741615,0.0016988872914692327,0.007244052316296936,0.0013721395376365504,0.9666464269551787,false,false,0.7074845883507422,0.024108010058999145,10,0.022559125870468613,0.990796285943157,0.7208299669050289,0.025379782856319012,10,0.02278986644299001,0.9901799376005573,0.00030628609928099197
2662,32,7,false,0.07050201132238068,0.0027183795231254027,-0.0045066484319843825,0.0015581955757600712,0.9926214533417166,false,true,1.132662512628058,0.027919622394495504,7,0.0789288196914263,0.9969711996732664,1.2639551735416261,0.013195279708954958,7,0.0955309322996983,0.999455362846074,0.0017724235410881083
2701,89,10,false,0.04931144988785494,0.0008841275149424628,0.000601947216172212,0.00071384038224082,0.9974348734011527,false,false,0.9614219137819613,0.012884830642200288,10,0.047128255319533054,0.9985651853480112,1.2058685387682606,0.03720023921438822,10,0.06266081323864614,0.9924440762436771,0.0035549860499199844
2709,59,10,false,0.06590939182814572,0.002436547991583695,-0.007118557524124901,0.001951168913917186,0.9891850907329175,false,true,1.1900669707572449,0.020871693824624945,10,0.07446262267949152,0.997545318166916,1.2187595313243544,0.017549667499787643,10,0.07708176675569668,0.9983439558342746,0.00040993300691374537
2711,14,3,true,0.02872887421177043,0.00246349829831855,0.0018256958264558569,0.0006855433758479302,0.9927006260477612,false,false,0.7977398043736041,0.03810777710447665,3,0.02087705161955009,0.99772325284822,0.9958201610899059,0.07096409300661405,3,0.02939362121601487,0.9949473920444877,0.0015743723537025394
2716,11,3,true,0.0675862524305427,0.014093320335207427,0.0019170038199451684,0.0038890755161911142,0.9583298622671216,false,false,0.9547106293387633,0.1545431481732261,3,0.06648126279489215,0.9744657805128731,1.3160224428936904,0.25130282513321095,3,0.13531850062011042,0.9648185452678921,0.004147136369535343
2787,13,3,true,0.07339221483334754,0.0011440794003669294,0.007079522537246883,0.0003176505087038688,0.9997570556397622,false,false,0.6912082353653048,0.03962927635788699,3,0.04410076421902969,0.9967236578954619,1.1305980211061697,0.004005422477501241,3,0.09330248814826496,0.9999874491029129,0.008965898335503394
2829,16,3,true,0.0735822648503065,0.004168850653446531,-0.003642854154491439,0.0011642454456285596,0.9968004081723002,false,true,1.3576170729933936,0.11960507984762919,3,0.15236490580351997,0.992298294397227,1.4296969431016537,0.1365181415522621,3,0.17733994745321247,0.9909645275373591,0.0005393001548449096
2837,18,4,false,0.04034343192696676,0.002359025123281478,0.0012403342484338389,0.0008295393476263758,0.9932081245767325,false,false,0.8603118685987172,0.0503396862881763,4,0.031440149190679445,0.9931989583907869,1.5370715460728608,0.07476127678903217,4,0.10602054881814978,0.9952908204693701,0.0046821260892683176
2858,46,10,false,0.04278076001125971,0.0009229356361419287,0.0013416488530597589,0.000733592377695286,0.9962904451986282,false,false,0.902712577940011,0.026707050769083425,10,0.03808831999572349,0.9930463570669077,1.7478333229325365,0.1266649632618382,10,0.1127871938002115,0.9596792087628937,0.007006218205811689
2860,35,8,false,0.0242200589991473,0.0034199154019543382,0.008941087122321017,0.0022092735075941437,0.8931540741440093,false,false,0.6329369555098956,0.056960657660264716,8,0.02023718061406032,0.9536581815097672,1.2119718285511591,0.170936663239972,8,0.04152433690455945,0.8933725005738391,0.006660409304040208
2870,24,5,false,0.10450064976243441,0.004203008557980056,-0.001432637063040795,0.0017916229442375075,0.9951705094622006,false,true,1.019962591624382,0.03249856250016225,5,0.10515006754807123,0.9969635903160184,1.3115396032001643,0.05056607608327116,5,0.17094116472803508,0.9955603927237667,0.005583781365578549
2876,23,5,false,0.028533746722810012,0.00929784631876815,0.016356850086991337,0.00395797425017162,0.758412752845943,false,false,0.3848319294641822,0.08780875593994876,5,0.017309131820560594,0.8649093480298725,0.3985327016220522,0.09059940344175735,5,0.017324111110782435,0.865770816942595,0.0008423502567369594
2922,80,10,false,0.027100179717208413,0.0017041367273098998,0.005903491410795075,0.0013734955764236833,0.9693359963123461,false,false,0.7969742393016461,0.04173784039816268,10,0.025707448164149403,0.9785298322461992,0.8126323657044214,0.044075452813337405,10,0.026091958281962545,0.977007136685407,0.00027413569465379326
2930,80,10,false,0.05150010435545204,0.0031112481956923456,0.00623950316409223,0.0025075955264958617,0.9716309733647011,false,false,0.8925697605587395,0.029267816530143122,10,0.05100227238973667,0.9914716192069167,0.9340951350402878,0.033069136421098086,10,0.05323245176831694,0.9900729395896293,0.0010390236355126764
2945,19,4,false,0.060719740073684914,0.006685327259843501,0.0025336942543024506,0.00235490593418831,0.976329259927646,false,false,0.9245267753492449,0.07008597425097358,4,0.057205676484287676,0.9886370752251202,1.1930981731503274,0.12153619818677111,4,0.0915431850435269,0.9796685618550786,0.0035800884600171133
2948,43,10,false,0.0803276620228154,0.004688234955757836,-0.004304850767819932,0.003717205442238459,0.9734721530379148,false,true,0.9495662532550532,0.05909702469042787,10,0.06726797434246111,0.9699449293531281,0.9598463210634213,0.05862326251194792,10,0.06792966530740156,0.9710228288144669,0.00033862512737665274
2956,17,4,false,0.06950141916652937,0.004084128055462141,-0.0008313220380844371,0.0014333465764796646,0.9931411339466358,false,true,0.9958555770958744,0.05823594308442125,4,0.06603013163754623,0.9932070363698747,1.0681834539807242,0.05200338066809515,4,0.07451781503424339,0.99528211168228,0.0011112396976034576
2962,78,10,false,0.04988950764105835,0.0014948527662421024,0.001447880300100826,0.0012042743550416003,0.9928688385255368,false,false,1.0074299642122244,0.02180208050387929,10,0.05274476231732654,0.9962672235680877,1.012844758315688,0.022360416858428326,10,0.053064174835889696,0.9961160471846023,0.00009789558711305706
3010,56,10,false,0.08464568719914557,0.0015295453437898419,-0.007537704520545073,0.0012231702049819194,0.9973946141630613,false,true,1.197251956277461,0.013591557487997237,10,0.10031792841776321,0.998970065031742,1.6522926120410453,0.07636746908823407,10,0.1849931215313809,0.9831975105707211,0.005069440777623528
3015,27,6,false,0.018761593184251395,0.003735548641694038,0.006813008869283723,0.0018645070705536526,0.8631307349770007,false,false,0.5776463717042698,0.069663640532961,6,0.013934420393038239,0.9450218556648444,1.4785110434323363,0.2947060280589121,6,0.05360194575270229,0.8628695155546606,0.006181224385607674
3016,76,10,false,0.11249971660642458,0.005644991278381562,-0.01688985358257091,0.004545515910471536,0.9802551957020434,false,true,1.3078281469992572,0.022772082827593822,10,0.14097645379531953,0.9975804085119929,1.3572016141017547,0.017516659257614454,10,0.15014593444577237,0.9986691611968785,0.0008654579297118321
3033,10,3,true,0.02277930642574734,0.00004461232497266783,0.00918731638816984,0.000012258570726961217,0.9999961644552424,false,false,0.3599935622145447,0.03274299650996434,3,0.010327199425770015,0.99179517418164,0.476347564639503,0.03473977816673868,3,0.010857197148103875,0.994709430562265,0.003569200569012451
3079,73,10,false,0.0792486894869255,0.0014785906520182542,-0.007450765955262013,0.0011896898792385052,0.9972228844051924,false,true,1.2165320387219212,0.007116108067688702,10,0.09607517551841846,0.999726341406932,1.229295364838357,0.006546739608653587,10,0.09760035409277863,0.9997731550553506,0.0002102258575527969
3093,73,10,false,0.09423311682795794,0.0013338062534666466,-0.006274822296780918,0.001073194801041328,0.9983998051764993,false,true,1.1385199593149822,0.008185398114038194,10,0.10580717471768758,0.9995866587437986,1.1576516806940051,0.007009348293048603,10,0.1082397710722579,0.9997068012587158,0.00045278238618771293
3128,56,10,false,0.07086668341140201,0.0025814221417923837,-0.007334266729579418,0.002064351124431193,0.9894964029562986,false,true,1.157149895574625,0.02785750974985812,10,0.07649026441316327,0.9953848443526111,1.1714482590644961,0.026289402015640072,10,0.07777965404481345,0.9959870948847487,0.00024380763560415448
3138,71,10,false,0.01736535012988266,0.001827766396277664,0.009260534320774805,0.0014698277724630353,0.9185885821388391,false,false,0.5607909921344454,0.032427609551012516,10,0.014860308418660035,0.9739472696927965,0.662603784519834,0.045432989598490854,10,0.015782901656744692,0.9637515144098306,0.0022865207777784877
3165,70,10,false,0.06765266551794208,0.002420816068582402,-0.005104087027505737,0.00194617478073336,0.9898604721870335,false,true,1.1248473246677402,0.021066515587175438,10,0.07321537337675738,0.997201847885277,1.132129795876851,0.021167538348315876,10,0.07384879935677531,0.9972111485517245,0.0001250212423851168
3199,69,10,false,0.06289604557517636,0.0027998264312285924,-0.006719618425232701,0.002250201484734264,0.9843946056432389,false,true,1.1655585957079102,0.023784794693948102,10,0.06848508324811942,0.9966797086458453,1.1850289745494351,0.022055925403324052,10,0.07009117627291099,0.9972363647465045,0.0002796100454431533
3244,67,10,false,0.02997570219697515,0.0048041159747609025,0.011332577625269895,0.0038586143195236586,0.8295422562411583,false,false,0.7658091835921875,0.07570303777368155,10,0.03158160927501289,0.9274920453650637,0.8689523515176213,0.09213144832688173,10,0.035052675950323305,0.9174884990836345,0.0020588146660982386
3246,66,10,false,0.0526042183564853,0.001562100710290427,0.004864810150479446,0.0012542491723221032,0.9929949066998296,false,false,0.8795494289901621,0.012411242200424551,10,0.049181914447394254,0.9984095913430446,1.0732207994576086,0.03626828601003238,10,0.06073425758697179,0.9909465084454122,0.004073122129836719
3265,23,5,false,0.0421078734508044,0.0026578653795507855,0.0033545019984019685,0.001131419295611499,0.988188625287172,false,false,0.8311061607676663,0.0409093245702065,5,0.03487471190202284,0.9927838166560683,1.475640087640887,0.17670157104628129,5,0.10309845394125218,0.9587570467780215,0.005649071480709907
3277,12,3,true,0.05143182252498308,0.0032157539680631978,0.004920435523669146,0.0008903957608241405,0.9961058981008601,false,false,0.7101683966391685,0.0117175528072134,3,0.03246916957453394,0.9997278345836077,1.0178243455663767,0.05596613879897835,3,0.054333276769540695,0.9969856482622484,0.004826697493549091
3278,66,10,false,0.03755824847927355,0.0037580392747163117,0.006520248247152943,0.0030174223843676194,0.9258450315117976,false,false,0.9372445408419503,0.06626559112316484,10,0.042648600704850756,0.961546949750315,1.0292446993260111,0.08210902047672149,10,0.04748426437567505,0.9515529421554797,0.001354678887608375
3279,36,8,false,0.05790994817481027,0.001682383834264804,0.0011606659903016273,0.0010879392336003502,0.9949614990271466,false,false,0.9680685425782398,0.019285331072610122,8,0.05656726719321661,0.9976244710593547,1.4669454104081838,0.0827693902434392,8,0.11398407671752589,0.9812567239165219,0.005996405311862094
3306,11,3,true,0.01593827765788857,0.015082185769430375,0.004921326291030291,0.004161954600578119,0.5275766466604745,false,false,0.5110185165588192,0.3331720242891819,3,0.00926448222040909,0.7017183124350295,0.610012330475218,0.389638346951996,3,0.010418055713090695,0.7102339099491906,0.0012491300727061308
3333,61,10,false,0.03716610227237156,0.0008398142118493762,0.0027904594058710927,0.0006730750220399148,0.9959318961338098,false,false,0.897912366660849,0.02016043989620832,10,0.03502824533932699,0.9959832562500214,0.9233456707947859,0.023011620206752303,10,0.03595485659382327,0.9950557189704019,0.0004391512124041638
3334,64,10,false,0.04491864970293215,0.0036242354253128604,0.006866345297317522,0.002907970651952887,0.9504982312245207,false,false,0.8998394197176949,0.04467688576528151,10,0.04681428781395596,0.9806605356275934,0.9722909534378963,0.05439573949198451,10,0.05065357901978618,0.9755720722500054,0.001475239948581891
3361,12,3,true,0.046528789269991724,0.004307419961803844,-0.00014049955014349064,0.0011926622845432964,0.9915026247537172,false,true,0.9750326286357803,0.08595980046016218,3,0.04294540096909858,0.9922875908857517,1.163511246175338,0.07062942336775208,3,0.06105685997714802,0.9963285912076684,0.0016074047379703177
3376,15,3,true,0.08216511152659639,0.009109441253005411,-0.0008112034067327541,0.0025398495479060593,0.9878576444506328,false,true,1.1033846854743323,0.11326056081454682,3,0.10395737045354955,0.9895731906497338,1.7023352099257938,0.26763708849670925,3,0.3669864259502594,0.9758788323272952,0.005246953232041656
3379,11,3,true,0.07815470569120264,0.0037452271870041885,0.008808337855585472,0.0010335017589264874,0.9977088690951329,false,false,0.6520593754664592,0.0613561855465039,3,0.04416456235789668,0.991223647238931,0.670523866247923,0.06118761627363858,3,0.045244816738251224,0.9917415772895481,0.0007386823673652911
3395,11,3,true,0.03091244085922503,0.011930628257965288,0.005365794101825869,0.0032922769898955638,0.8703548214164445,false,false,0.5049422341417847,0.2498335646671266,3,0.01354349174148166,0.8033394427790452,0.8346725796892589,0.3729713828583058,3,0.019882608694127668,0.8335606748563598,0.005225678876367191
3397,36,8,false,0.07998405545183311,0.0017612550320027828,-0.005185917706026099,0.0011389424997234438,0.9970991368342974,false,true,1.1482107130416606,0.014419333873057126,8,0.09204181918257924,0.9990546607128358,1.190956364218462,0.009752395096376263,8,0.09751433217706863,0.9995978320737505,0.0007424886163339777
3398,61,10,false,0.030788301894030746,0.00225234428909191,0.005170389778426677,0.0018051572129073631,0.9589435758207331,false,false,0.8294644656655539,0.03373138904625264,10,0.0290697107651157,0.986942657749594,0.8522267464593993,0.03602887564630904,10,0.029710417641830435,0.9859033656546643,0.00041436380296891803
3418,61,10,false,0.06108041944422747,0.003034207518742193,-0.004429639707880918,0.0024317870116222343,0.9806408403176912,false,true,1.0469404542150147,0.0336404649522884,10,0.05835867066958352,0.9918078565666962,1.151909408839921,0.025739069718334225,10,0.06572348108252332,0.9960216060333206,0.0017768512713055682
3424,60,10,false,0.09922532482086575,0.00328072339710625,-0.011586536516598831,0.002628288730659593,0.9913303302567852,false,true,1.2427009102600526,0.014877412748265186,10,0.12003856587655998,0.9988547141327747,1.2566939634613272,0.013688764466383636,10,0.12214278589895025,0.9990516964146368,0.00026686517455256454
3452,59,10,false,0.04952229128084263,0.0007071168107157985,0.0002683351301247605,0.0005662537098972369,0.9983715926052077,false,false,1.0456799804344572,0.020860767081354856,10,0.05386731711285471,0.9968262521844207,1.1667974860700252,0.03932715514635425,10,0.06230576908050781,0.990993523982339,0.0016563716927265359
3491,58,10,false,0.047101656818311854,0.0012895599530237274,0.002342020941600596,0.0010322163175763965,0.994039204699464,false,false,0.9760280633460375,0.024013797356566342,10,0.0487659480549832,0.9951806443063612,0.9853697917267552,0.02533826006259286,10,0.04927121319166643,0.9947379645368397,0.00017007791140546486
3524,10,3,true,0.034266628178175884,0.004178064734613647,0.0004513235711906718,0.001148048259813011,0.9853513134948837,false,false,0.987150640501475,0.09787524880696699,3,0.03482221832959364,0.9902651250018618,1.0716560515843512,0.11571781169951027,3,0.040805327979167284,0.9884746238662517,0.0005881805956072671
3546,55,10,false,0.036748249832746833,0.0010862457298551921,0.003691089414717494,0.0008682358789191015,0.9930585899018081,false,false,0.8493738704788025,0.017859627969120877,10,0.03298702003540646,0.9964754505065352,0.8537738863904208,0.0178443901591845,10,0.033120426747384996,0.9965174881915272,0.00009276166810619519
3559,55,10,false,0.07285276413580404,0.0021412996672032373,0.0053138659221872485,0.0017115401676480945,0.9931362469374306,false,false,0.9341314099614502,0.024142354889616958,10,0.07269713245762201,0.9946848101489428,0.9357552504258964,0.024359582486664283,10,0.07282238255394431,0.9946079112474029,0.0000518892145778502
3577,54,10,false,0.0901214973585514,0.0022675744722865415,-0.00738910599168103,0.00181153707603047,0.9949607921172892,false,true,1.1718978007797554,0.00835979403246111,10,0.10403816820298065,0.9995930651374553,1.1739198160589066,0.008412376796226487,10,0.10429320687709459,0.99958934967258,0.000042121259422480804
3584,10,3,true,0.02253846092682776,0.004051879652950634,0.004731964893045851,0.001113375134186828,0.9686923525979361,false,false,0.4931960498807129,0.1257731771507312,3,0.010418014410720218,0.9389376336165288,0.7720598514302841,0.1609517445107817,3,0.014448345784622379,0.9583501304991657,0.003669687503809425
3610,14,3,true,0.058663312290083626,0.002295368488793521,0.0019200016649916125,0.000638756139469026,0.9984713527548407,false,false,0.881500319898583,0.016271946862266518,3,0.04823578071922408,0.9996593674653196,1.2408408805806679,0.07686995393573358,3,0.09483369324183007,0.9961768836536028,0.004096110133085082
3617,52,10,false,0.039766444506467026,0.0009326275504013619,0.0015991345357483388,0.000744245607014829,0.9956190716535059,false,false,0.967903425009029,0.015221811355754218,10,0.04005279007261191,0.9980253044055301,1.2087612912409762,0.05087401080247646,10,0.053314384049163235,0.9860269999036134,0.0028208652264732352
3621,22,5,false,0.04760795238926253,0.003168039131944188,-0.0016771219178423327,0.0013465447196927285,0.9868897205467841,false,true,1.046659050725352,0.059068501269884006,5,0.047644718186332986,0.9905356066137284,1.0517694259925219,0.0586469529989252,5,0.04802183463218736,0.9907585755563206,0.00005642485985645834
3626,52,10,false,0.054862737047553074,0.0019527114248001096,0.004696496486034531,0.0015582821878355555,0.9899669751543507,false,false,0.8289318317920095,0.019792298585299233,10,0.04669014815973043,0.9954598669911878,1.407917265887685,0.10108962169008363,10,0.09341204436782138,0.9603907316835794,0.009074578520697542
3654,14,3,true,0.09018458700362597,0.011931069247281339,-0.005349409804712711,0.0033201831293487773,0.9827988014339485,false,true,1.2997730608415847,0.10250080120039975,3,0.15199849053441492,0.993819452474966,1.7496743830617838,0.03266890444938099,3,0.39569301239150784,0.9996514995875633,0.0033117253410120243
3665,51,10,false,0.06068834674302371,0.0024183123312396656,0.0005510862864884702,0.0019287033707860739,0.9874564032265877,false,false,1.0205319290048969,0.028883922470852173,10,0.06345943148983252,0.9936324130422898,1.0244617228652617,0.028916082962382194,10,0.06373261532882103,0.9936668722364616,0.00008604593496979076
3683,28,6,false,0.03283512026230451,0.0030644133973064575,0.002006792593779921,0.0015314220078912315,0.9663330100877382,false,false,0.9354421425324748,0.054981791397721996,6,0.0327251155647624,0.9863697554668072,0.940616576048554,0.05570077141074078,6,0.03296372801479908,0.9861672750302964,0.000058576179251849925
3725,35,8,false,0.060201041994863744,0.0021613483936449088,0.0030315599731500003,0.0013962362180164275,0.9923255552333783,false,false,0.9426487666707166,0.023791527999929705,8,0.05918865171816069,0.9961925046339045,1.2155975651238398,0.06360404990122728,8,0.08516993675889692,0.983839111638158,0.00455691086749254
3732,48,10,false,0.053891104782184895,0.003222213800474993,0.0029594598418058366,0.0025648875190174445,0.9721953109780691,false,false,1.0273727263879961,0.04123154974316742,10,0.061020517882811,0.9872786562579146,1.2377013314011216,0.07322077893930527,10,0.07917011506735416,0.9727645414446269,0.0030075341528056393
3753,13,3,true,0.01957157207556098,0.030909987505392308,0.014551163386440764,0.008582073282648983,0.2861815036226468,false,false,0.2989187342392012,0.3233567475699641,3,0.011201907833848668,0.4607884585711495,0.6869887116985364,0.6430348624872544,3,0.01573150775485187,0.5330113683885535,0.009787936501226436
3768,18,4,false,0.06279095863622837,0.0014023085511248902,-0.0029355987643144518,0.0004931147655828627,0.9990034710256885,false,true,1.236274433671519,0.03256222301629467,4,0.09451442642752597,0.998614437397282,1.245807125512633,0.03411311318691262,4,0.09620217077040025,0.998502660396805,0.00008597388051572514
3778,46,10,false,0.06982771459976604,0.00204161273404733,-0.004448398121216449,0.0016227692173243127,0.9932076335047492,false,true,1.0659947223386883,0.02557560371898608,10,0.06993225666372772,0.9954160874732334,1.3039011595196883,0.022640793585339183,10,0.09319311310355434,0.9975937670943581,0.003786273077596454
3814,20,4,false,0.024538540900776173,0.001247493791932666,0.001813794667573855,0.0004400968969451524,0.9948575484270795,false,false,0.7503145347317169,0.051857573836685156,4,0.016402329516634097,0.9905367943538057,1.0824797745391403,0.03097640142707374,4,0.027469192870726928,0.9983649100459072,0.002449197946435379
3830,15,3,true,0.06696329246133186,0.006464571914310816,0.0010250376208592172,0.001802420104367161,0.9907662703004491,false,false,0.8968226885616594,0.09327440410716065,3,0.05379975707275112,0.9892986343818724,1.6512336716629517,0.0001373732748982804,3,0.24150653288166876,0.9999999930787039,0.006863123407527903
3847,11,3,true,0.053164416258631234,0.004395043703270779,0.002775679889078239,0.0012128197225660194,0.9932122418435242,false,false,0.7833930330657923,0.0843113961711207,3,0.03580743133002427,0.9885498356419253,1.222983186095064,0.05286081751468914,3,0.0788087205775891,0.9981352690468139,0.005170580270660809
3865,43,10,false,0.07409556979654251,0.002665652074023727,-0.00728361327695307,0.0021135409146902525,0.9897520069667999,false,true,1.1549315971968264,0.02404179646024908,10,0.08052577149705037,0.99654531587,1.1650209463851589,0.023002862557721784,10,0.08148586372523843,0.9968909055001784,0.00018062240858164995
3900,10,3,true,0.07722821676487045,0.0032195648712161702,-0.0023136650901102902,0.0008846717517641863,0.9982650450164658,false,true,1.1439716451840474,0.01982511174868447,3,0.09977428040800126,0.9996997587529739,1.7632815725224527,0.10015821472525963,3,0.3679865328728215,0.9967838905327694,0.004585839553910259
3910,41,10,false,0.021308064746672878,0.000462114838742434,0.002154852104828784,0.00036570845912676993,0.9962513858660952,false,false,0.7956017932880493,0.026155931433645502,10,0.017492982903332906,0.9914276501369526,0.8247566617695747,0.025663683232703814,10,0.01793218904513778,0.9923135603586725,0.0003889626720363372
3916,13,3,true,0.09207587284112681,0.006410279163856133,-0.0022456921709148375,0.001779796434303119,0.9951764997053338,false,true,1.093970016728722,0.05402684774534229,3,0.10672565276664586,0.9975669531413652,1.509458532507151,0.00810004610975148,3,0.2481046088226131,0.9999712047997495,0.00460479389593177
3937,25,6,false,0.022283542856698802,0.0015379903564386311,0.003285626663181735,0.0007654773664775441,0.9813017353621579,false,false,0.7360388266045551,0.03339453809597053,6,0.017090061666434283,0.9918332718867117,0.8018961367350541,0.04149176236315507,6,0.018470176091657627,0.9894045014924803,0.0007937603057564414
3950,12,3,true,0.02118291561348334,0.00851530024586679,0.0023332465435113962,0.002357763472070307,0.8608850993670307,false,false,0.7512202643803123,0.21520881067910283,3,0.015489107453707978,0.9241544565079299,0.8552665011632364,0.24889006692160728,3,0.01839427015856956,0.9219256954437138,0.0007894358227713144
3968,39,9,false,0.014405844219500138,0.003724466955484182,0.010204493064872292,0.0026795340798501607,0.6812474077419457,false,false,0.559294193786401,0.09505827647712148,9,0.013997738594193369,0.8318031524060502,0.5812748870563985,0.09971516161649843,9,0.014212941670230626,0.8291906270406602,0.00046062260801195827
3972,39,9,false,0.05474093039994042,0.0023603500266881684,-0.0014578990705025735,0.0016981324878109915,0.9871527296289299,false,true,1.0488998903303703,0.03306890422522356,9,0.05668564177411871,0.9930903139567031,1.269681435683339,0.033076967370127434,9,0.07494981627820026,0.9952717379054878,0.002916769998133358
3979,25,6,false,0.03538510821717083,0.003437759182893519,0.0032279853813237222,0.0017110164799725314,0.9636189548787258,false,false,0.8817078058361798,0.06102112073433418,6,0.03341094895686405,0.9812012457513873,1.0406796769025894,0.09004263883653423,6,0.04204828564799543,0.970925764851881,0.0018289879986551065
3984,38,9,false,0.01432770814318645,0.00349454823680491,0.008883964000000135,0.0025116055051461195,0.7060076290765519,false,false,0.6065018618575925,0.0937073441882467,9,0.01417866877814178,0.856823316467127,0.6137277150124659,0.09514244695368286,9,0.014258484422719032,0.8559981623480646,0.00013033563856014351
3986,12,3,true,0.07488406331725685,0.01510599334963119,-0.005103127207859391,0.004182631064170062,0.9608981650038106,false,true,1.326922902218153,0.19098178551588985,3,0.1286709432642281,0.9797050555057549,1.465525628674744,0.18036284038985306,3,0.17108689461528523,0.9850796624101437,0.001009432538915221
4007,22,5,false,0.06337234165696268,0.004504761552978048,0.00015539194409306786,0.001914705794342527,0.9850675397054784,false,false,1.0986087822637602,0.07911626719043895,5,0.07961768064765941,0.9846798940402273,1.1021377138329183,0.07980983064956768,5,0.08008661579721763,0.984512422019242,0.000047673355845075434
4014,36,8,false,0.054853899762062806,0.0015205077120515943,-0.0015662656678376249,0.000983259563746178,0.995411022448504,false,true,1.031078632995155,0.02365402874993226,8,0.054932343789427934,0.9968521887465293,1.0435276805592664,0.023230546594435755,8,0.05579948604886023,0.9970353548475167,0.0002017213749258179
4024,18,4,false,0.12552274132350288,0.007849689883850066,-0.008463390852842175,0.0027603040599501836,0.9922391990617083,false,true,1.3117247318226888,0.022877455758184315,4,0.20806163379255915,0.9993920107460363,1.840065593802616,0.0849293926979013,4,0.596737353192419,0.995757391457556,0.005344951373904742
4038,35,8,false,0.07150606073997913,0.0018670207118133145,-0.005555995328875866,0.0012060998334583334,0.9959262815662608,false,true,1.2017102327964406,0.01117714165936342,8,0.08819077229985925,0.9994812144414813,1.4753521957486042,0.043324019250793884,8,0.13156289252287323,0.9948527398785757,0.0028716982698068407
4048,13,3,true,0.12120079999124087,0.005501608088018184,-0.008740069619727838,0.001527506401468122,0.9979437572100728,false,true,1.505915549322271,0.037613273666572515,3,0.32803299779121725,0.9993765377223904,1.6012452290348014,0.05769785764937161,3,0.4029863332189062,0.9987032980548807,0.0008918343231724141
4073,34,8,false,0.11233757684025243,0.0017799336034514405,0.004139844311086295,0.0011485800904158779,0.9984959749494524,false,false,0.9378531932417355,0.01689235272586721,8,0.1070330257452182,0.9980572484546525,0.9411537241318884,0.01723842095789638,8,0.10745624363374008,0.997991130313133,0.0001424120081165116
4137,31,7,false,0.05215030547341199,0.0009814247526461744,-0.00040607366065925865,0.0005619283100116967,0.9982323269716061,false,true,1.0450330426679875,0.025732582341354837,7,0.056086355526205084,0.9969775294940695,1.218822458050685,0.05436341665497587,7,0.07225541251976185,0.9901507330379415,0.002009929222893357
4144,31,7,false,0.08172192160711188,0.004357671905272977,-0.007863740752556619,0.0024950452927880304,0.9859824820724159,false,true,1.2702381323301062,0.02213603787862925,7,0.10991698658492054,0.9984838556981132,1.295534803066725,0.020428583013132363,7,0.11419525252229373,0.9987583227200592,0.0003212311501309004
4167,30,7,false,0.04466957031249186,0.002783460146925638,0.005942818912954719,0.001591776818875956,0.9809556634158094,false,false,0.7875668196872042,0.03196884615111129,7,0.037319198234068686,0.9918288003737028,0.9452534005087733,0.05323148682585862,7,0.04526783005139524,0.9843908848418385,0.0031549279265606495
4168,11,3,true,0.07826905942545584,0.0224101375342875,0.006160969549224938,0.006184115249360098,0.9242313563759643,false,false,0.8049607120858138,0.16674020327525527,3,0.06060438389127171,0.9588579835517695,0.975573623766568,0.21390404631932883,3,0.08172120405989919,0.9541303314237869,0.0038130012823910904
4197,10,3,true,0.01703697172151166,0.02055074806143123,0.008604940637531882,0.005646932742406023,0.407327822182989,false,false,0.37576695433222085,0.31874898622191816,3,0.009194072892887989,0.581547790765943,0.6601195502171845,0.5149125586304908,3,0.012277320137323827,0.6217182473561886,0.004892678183507433
4303,12,3,true,0.008461258336448303,0.00627635151473328,0.004895633883163578,0.001737830952759897,0.6450653906143258,false,false,0.2440517616449178,0.24364151124580394,3,0.0034991625376705887,0.5008412051828819,0.3307242113152142,0.3349645372613373,3,0.0031978100952395603,0.49363042576290184,0.001968004760254075
4321,16,3,true,0.04133174206421997,0.003117149070516807,-0.0000551865822722014,0.0008705340897002791,0.9943443239988029,false,true,1.0405937323916017,0.07081827781309631,3,0.045819300393704035,0.9953897817136821,1.2076833111440888,0.10448487197265027,3,0.0634232328163222,0.9925704579490674,0.0011567285000449402
4352,17,4,false,0.09898881390315403,0.008581859520450283,-0.009184765424103304,0.0030118494808250885,0.985190487361258,false,true,1.5249545493646086,0.023148053838352962,4,0.2434547040928955,0.9995393775811879,1.602792133827671,0.025882721272760652,4,0.2842772953950754,0.9994787224577304,0.0006048764122442002
4371,22,5,false,0.04209881577231681,0.004444170052384284,0.006897166753443252,0.0018889519567841125,0.967649506342212,false,false,0.7007418150711853,0.05596454581874404,5,0.03061837738145227,0.9812241595043019,1.3391742967262321,0.19903372817785098,5,0.08441521695249626,0.9378509864182116,0.007766222667151507
4378,22,5,false,0.07714611370293413,0.005224810544130371,-0.006096251987639854,0.002220755728252661,0.9864262802820448,false,true,1.27583240094719,0.05155686657866361,5,0.11140105948097664,0.9951248877736554,1.2880790964587363,0.0502234723135176,5,0.11375834691807303,0.995459816621579,0.00013371141295197818
4379,22,5,false,0.11040184292958037,0.008216810034503376,-0.01107645212072269,0.0034924764827285186,0.9836537789931286,false,true,1.4439308026505073,0.02268128958181565,5,0.21353038444192554,0.9992603221349731,1.483062201222937,0.01825440996423509,5,0.22921160549010725,0.9995457020489185,0.0004238812255839459
4407,21,5,false,0.03410998256631803,0.001282688389823137,-0.00009690294244522363,0.0005442711501319279,0.9957756287308135,false,true,0.97595371443074,0.05065316397335866,5,0.031996045067546705,0.991983580203674,1.0395409856994597,0.04830197049737989,5,0.03524075350336254,0.993564772532014,0.0005666027914637209
4414,21,5,false,0.01935680145791881,0.005595698903863417,0.010146247409580847,0.002374370503671315,0.7995491489661057,false,false,0.36939250674935725,0.09083926141088962,5,0.010738879984599952,0.8464369005758514,0.4222215085763731,0.10091256068478877,5,0.010726914066225448,0.8537023130026618,0.0020649212275759914
4428,20,4,false,0.04710596472407394,0.004687684323055923,0.0009706191266329151,0.0016537439607127937,0.9805787410092826,false,false,1.0102483527155877,0.09632585659153935,4,0.051470289372072854,0.9821419629252052,1.2214878744887512,0.14414945635818435,4,0.07537760580585227,0.9729014202183905,0.0019059348659078632
4429,16,3,true,0.07641271547157293,0.003914969720515671,-0.004389028866473677,0.001093343476604479,0.9973818951903622,false,true,1.345230753842608,0.0005664365816640083,3,0.1469911736896109,0.9999998226999187,1.35205898074789,0.0017346980250295962,3,0.14907977168614087,0.9999983539016531,0.000056242710661272154
4431,20,4,false,0.1222969411849577,0.003549865947510719,-0.007877229912603085,0.0012523388879157288,0.9983177462554798,false,true,1.343391180444022,0.024372677759202353,4,0.22175187817453096,0.9993421214959618,1.3681540233006049,0.027791996297374645,4,0.23250566733734926,0.9991754039822651,0.00035032837574331186
4438,10,3,true,0.10518622289979972,0.0026531665651836397,-0.006792463510019469,0.000729036875115533,0.9993641786759685,false,true,1.4401425780588342,0.0484260514114296,3,0.25002023988776734,0.9988705777029736,2.0150500314717674,0.18893245425586788,3,0.8931941729095431,0.9912855448676313,0.0037343016559076964
4474,18,4,false,0.06608226726359766,0.004627271050775299,-0.005180282601159538,0.001627156646560456,0.9902888227190156,false,true,1.387254204007963,0.031510391464661024,4,0.12506758782948407,0.9989691924549056,1.3986274553238611,0.029856982726855195,4,0.12782100292104756,0.9990894116551554,0.00008037164737991803
4527,16,3,true,0.06721283777817187,0.00029639798130953526,-0.003154700897168167,0.00008277581245272865,0.9999805536734949,false,true,1.29547403839276,0.0525147853048535,3,0.11970258361551918,0.9983594378470211,1.391073266499301,0.07173785460453531,3,0.1459370061863205,0.9973475738823739,0.0007066417758769404
4534,15,3,true,0.04334751514028114,0.003388009548071484,-0.0008425003024208882,0.0009446281368938821,0.9939282223429525,false,true,1.1433327253488477,0.09340831343835751,3,0.05858902771937967,0.9933696465852198,1.2324898355158969,0.11245389237903156,3,0.06998077412697443,0.9917437701864605,0.0005694332606789103
4542,10,3,true,0.1217579742400601,0.012128900227938253,-0.0001897598450686732,0.003332778136434924,0.9901743858141406,false,true,0.9672902037344002,0.09274562490301379,3,0.11071055693190347,0.9908904083589292,1.2026395216661094,0.07393951083856153,3,0.17221510222282996,0.996234317495402,0.005110924732143944
4577,14,3,true,0.03218695326016824,0.0015841856245110172,0.0008228403615456441,0.0004408478632756953,0.9975834175412531,false,false,0.9113668593349638,0.028171038263656863,3,0.027957829464811918,0.9990454372480344,0.9161010348615216,0.02886226357002654,3,0.028189739160159787,0.9990083848289603,0.000039773834335354155
4620,11,3,true,0.056213028349203754,0.007193143159981525,0.0010490820673780727,0.001984959986899354,0.9838894726568219,false,false,0.9664271418897434,0.09822593313338085,3,0.05515905414406628,0.9897752970445279,0.9792978855371002,0.10086616552124089,3,0.05646904498099334,0.9895026817407565,0.00016621305939037496
4633,11,3,true,0.09982094586846973,0.01388800839479895,-0.005638812359105006,0.003832419339957784,0.981010641330784,false,true,1.2747695614999714,0.11297002990167797,3,0.15981594436103394,0.9922076991786286,1.3421899789177205,0.10592113655714894,3,0.18319982654984776,0.993810708285082,0.0007695416861960938
